id,topic,syllabus_ref,difficulty,prompt_en,prompt_my,choice_a_en,choice_b_en,choice_c_en,choice_a_my,choice_b_my,choice_c_my,correct_answer,explanation_en,explanation_my,image_filename,media_src,verified,reviewer_notes
sg_rtt_0001,road_signs_signals,,easy,A circular sign with a red border and a motorcycle symbol inside means what?,အနီရောင်အနားသတ်ပါသော စက်ဝိုင်းဆိုင်းဘုတ်အတွင်း ဆိုင်ကယ်ပုံပါရှိလျှင် ဘာကို ဆိုလိုသလဲ။,Motorcycles are prohibited from entering,Motorcycle parking only,Motorcycle repair shop ahead,ဆိုင်ကယ်များ ဝင်ခွင့်မရှိ,ဆိုင်ကယ်ရပ်နားရန် နေရာသာ,ရှေ့တွင် ဆိုင်ကယ်ပြင်ဆိုင်ရှိသည်,A,A red-bordered circular sign is a prohibition sign; with a motorcycle symbol it bans motorcycles from that road or area.,အနီရောင်အနားသတ်ပါသော စက်ဝိုင်းဆိုင်းဘုတ်သည် တားမြစ်ဆိုင်းဘုတ်ဖြစ်ပြီး ဆိုင်ကယ်ပုံပါလျှင် ထိုလမ်း သို့မဟုတ် နေရာတွင် ဆိုင်ကယ်များ ဝင်ခွင့်မရှိကြောင်း ဆိုလိုသည်။,,,PENDING,
sg_rtt_0002,road_signs_signals,,easy,A triangular sign with a red border generally indicates what type of message?,အနီရောင်အနားသတ်ပါသော တြိဂံပုံဆိုင်းဘုတ်သည် ပုံမှန်အားဖြင့် မည်သည့်အမျိုးအစားအချက်ပြသလဲ။,A warning of a hazard ahead,A mandatory instruction that must be obeyed,Information about nearby facilities,ရှေ့တွင်ရှိသော အန္တရာယ်အကြောင်း သတိပေးချက်,လိုက်နာရမည့် မဖြစ်မနေညွှန်ကြားချက်,အနီးအနားရှိ အဆောက်အအုံများအကြောင်း သတင်းအချက်အလက်,A,Triangular signs with a red border are warning signs that alert riders to hazards or changing road conditions ahead.,အနီရောင်အနားသတ်ပါသော တြိဂံပုံဆိုင်းဘုတ်များသည် ရှေ့တွင်ရှိသော အန္တရာယ် သို့မဟုတ် လမ်းအခြေအနေပြောင်းလဲမှုများအတွက် ယာဉ်မောင်းသူများကို သတိပေးသည်။,,,PENDING,
sg_rtt_0003,road_signs_signals,,easy,A round blue sign with a white arrow pointing left means what?,အပြာရောင်စက်ဝိုင်းအတွင်း ဘယ်ဘက်သို့ ညွှန်နေသော အဖြူရောင်မြှားသည် ဘာကို ဆိုလိုသလဲ။,You must turn or proceed left only,Turning left is forbidden,Left lane is for buses only,ဘယ်ဘက်သို့သာ ကွေ့ရမည် သို့မဟုတ် ဆက်သွားရမည်,ဘယ်ဘက် ကွေ့ခွင့်မရှိ,ဘယ်ဘက်လိုင်းသည် ဘတ်စ်ကားအတွက်သာ,A,Blue circular signs are mandatory instruction signs; a white arrow means the rider must follow that direction only.,အပြာရောင် စက်ဝိုင်းဆိုင်းဘုတ်များသည် မဖြစ်မနေလိုက်နာရမည့် ညွှန်ကြားချက်ဆိုင်းဘုတ်များဖြစ်ပြီး အဖြူရောင်မြှားသည် ထိုလမ်းကြောင်းကိုသာ လိုက်ရမည်ကို ဆိုလိုသည်။,,,PENDING,
sg_rtt_0004,road_signs_signals,,medium,You see a warning sign showing a motorcycle skidding on a wavy line. What should you do?,လှိုင်းကွေးမျဉ်းပေါ် ဆိုင်ကယ်တစ်စီး ချောချွတ်နေသည့်ပုံပါသော သတိပေးဆိုင်းဘုတ်ကို မြင်လျှင် ဘာလုပ်သင့်သလဲ။,Slow down and ride cautiously as the road surface ahead may be slippery,Accelerate quickly to pass the slippery section,Ignore it; it only applies to cars,ရှေ့လမ်းမျက်နှာပြင်သည် ချော်လွယ်နိုင်သောကြောင့် မြန်နှုန်းလျှော့ပြီး သတိနှင့်မောင်းပါ,ချော်လွယ်သောနေရာကို မြန်မြန်ဖြတ်သွားရန် အမြန်မောင်းပါ,ဂရုမစိုက်ပါနှင့်၊ ကားများအတွက်သာဖြစ်သည်,A,This warning sign indicates a slippery road; riders should reduce speed and avoid sudden braking or steering to prevent skidding.,ဒီသတိပေးဆိုင်းဘုတ်သည် ချော်လွယ်သောလမ်းကို ဆိုလိုသောကြောင့် ယာဉ်မောင်းသူများသည် မြန်နှုန်းလျှော့ပြီး ရုတ်တရက် ဘရိတ်ကိုက် သို့မဟုတ် လှည့်ခြင်းကို ရှောင်ရှားသင့်သည်။,,,PENDING,
sg_rtt_0005,road_signs_signals,,easy,What does a yellow diamond-shaped sign with a black T-junction symbol mean?,အနက်ရောင် T-လမ်းဆုံပုံပါသော အဝါရောင်စိန်ပုံဆိုင်းဘုတ်သည် ဘာကို ဆိုလိုသလဲ။,A T-junction is ahead,The road ends in a roundabout,Three lanes merge ahead,ရှေ့တွင် T-လမ်းဆုံရှိသည်,လမ်းသည် အလှည့်ဝန်းတွင် ဆုံးသည်,ရှေ့တွင် လမ်းကြောသုံးကြောင်း ပေါင်းစည်းသည်,A,"This warning sign alerts riders that the road they are on ends ahead at a T-junction, requiring a turn left or right.",ဒီသတိပေးဆိုင်းဘုတ်သည် မောင်းနှင်နေသောလမ်းသည် ရှေ့တွင် T-လမ်းဆုံတွင် ဆုံးသွားမည်ဖြစ်ပြီး ဘယ် သို့မဟုတ် ညာ ကွေ့ရန် လိုအပ်ကြောင်း သတိပေးသည်။,,,PENDING,
sg_rtt_0006,road_signs_signals,,medium,"At a junction, the traffic light shows a steady amber after green. What should a rider do?",လမ်းဆုံတွင် မီးစိမ်းပြီးနောက် မီးဝါ တည်ငြိမ်စွာ ပြသည်။ ယာဉ်မောင်းသူ ဘာလုပ်သင့်သလဲ။,Stop if it is safe to do so; proceed only if already too close to stop safely,Always accelerate to cross before it turns red,"Amber means stop only for cars, not motorcycles",ဘေးကင်းစွာ ရပ်နိုင်လျှင် ရပ်ပါ၊ ရပ်ရန်မဖြစ်နိုင်အောင် နီးကပ်နေပါမှသာ ဆက်သွားပါ,မီးနီမပြောင်းခင် ဖြတ်ရန် အမြဲတမ်း အရှိန်မြှင့်ပါ,မီးဝါသည် ကားများအတွက်သာ ရပ်ရန်ဖြစ်သည်၊ ဆိုင်ကယ်အတွက် မဟုတ်,A,"A steady amber light means stop unless you are so close that stopping safely is not possible, in which case proceed with caution.",တည်ငြိမ်သော မီးဝါသည် ဘေးကင်းစွာ ရပ်နိုင်ခြင်း မရှိပါက လွဲ၍ ရပ်ရမည်ကို ဆိုလိုသည်၊ ထိုအခြေအနေတွင် သတိနှင့် ဆက်သွားနိုင်သည်။,,,PENDING,
sg_rtt_0007,road_signs_signals,,easy,A police officer at a junction raises one arm straight up. What does this mean for riders facing the officer?,လမ်းဆုံတွင် ရဲတစ်ဦးက လက်တစ်ဖက်ကို ဖြောင့်တန်းစွာ အပေါ်သို့ထောင်လျှင် ရဲကိုမျက်နှာချင်းဆိုင်နေသော ယာဉ်မောင်းသူများအတွက် ဘာကိုဆိုလိုသလဲ။,Stop,Proceed straight ahead,Turn left only,ရပ်ပါ,တည့်တည့်ဆက်သွားပါ,ဘယ်ဘက်သို့သာ ကွေ့ပါ,A,An officer raising one arm straight up is a signal for all traffic facing and behind the officer to stop.,ရဲတစ်ဦး လက်တစ်ဖက်ကို ဖြောင့်တန်းစွာ အပေါ်သို့ထောင်ခြင်းသည် ရဲကို မျက်နှာချင်းဆိုင်နေသော နှင့် နောက်ကျောဘက်ရှိ ယာဉ်အားလုံး ရပ်ရမည်ကို အချက်ပြခြင်းဖြစ်သည်။,,,PENDING,
sg_rtt_0008,road_signs_signals,,medium,What does a rider signal by extending the right arm straight out horizontally?,ညာဘက်လက်ကို ဘေးတိုက်ဖြောင့်တန်းညှင်းလျှင် ယာဉ်မောင်းသူက ဘာအချက်ပြသလဲ။,Intention to turn right,Intention to stop,Intention to slow down only,ညာဘက်ကွေ့မည်ဟု ရည်ရွယ်ချက်,ရပ်မည်ဟု ရည်ရွယ်ချက်,မြန်နှုန်းလျှော့ရုံသာ ရည်ရွယ်ချက်,A,"Extending the right arm straight out horizontally is the hand signal for an intended right turn, used when indicators are not visible or as reinforcement.",ညာဘက်လက်ကို ဘေးတိုက်ဖြောင့်တန်းညှင်းခြင်းသည် မီးပြမမြင်ရသောအခါ သို့မဟုတ် အားဖြည့်အချက်ပြရန် ညာဘက်ကွေ့မည့် လက်အချက်ပြဖြစ်သည်။,,,PENDING,
sg_rtt_0009,road_signs_signals,,easy,A blue rectangular sign showing a white 'P' with a red diagonal bar through it means what?,အဖြူရောင် 'P' စာလုံးနှင့် အနီရောင်ဖြတ်မျဉ်းပါသော အပြာရောင် စတုဂံဆိုင်းဘုတ်သည် ဘာကိုဆိုလိုသလဲ။,No parking,Parking allowed for motorcycles only,Paid parking ahead,ရပ်နားခွင့်မရှိ,ဆိုင်ကယ်များအတွက်သာ ရပ်နားခွင့်ရှိသည်,ငွေပေးချေရမည့် ရပ်နားနေရာ ရှေ့တွင်ရှိသည်,A,A 'P' with a diagonal bar through it indicates that parking is not allowed in that area.,'P' စာလုံးကို ဖြတ်မျဉ်းဖြတ်ထားလျှင် ထိုနေရာတွင် ရပ်နားခွင့်မရှိကြောင်း ဆိုလိုသည်။,,,PENDING,
sg_rtt_0010,road_signs_signals,,medium,What does a sign showing a steep upward arrow with the figure '10%' mean for a rider?,'10%' ဂဏန်းနှင့်အတူ ရှေ့သို့ မြင့်တက်နေသော မြှားပုံဆိုင်းဘုတ်သည် ယာဉ်မောင်းသူအတွက် ဘာကို ဆိုလိုသလဲ။,A steep gradient ahead; adjust speed and gear before climbing or descending,A speed bump ahead,A 10 km speed limit zone,ရှေ့တွင် တောင်ကုန်းစောက်ရှိသည်၊ တက်/ဆင်းမီ မြန်နှုန်းနှင့် ဂီယာကို ညှိပါ,ရှေ့တွင် မြန်နှုန်းလျှော့ကုန်းရှိသည်,10 km/h အမြန်နှုန်းကန့်သတ်ဇုန်,A,"This sign warns of a steep gradient; riders should reduce speed and select an appropriate gear in advance, since steep slopes affect motorcycle balance and braking.",ဒီဆိုင်းဘုတ်သည် တောင်ကုန်းစောက်ရှိကြောင်း သတိပေးသည်၊ စောက်သောကုန်းများသည် ဆိုင်ကယ်၏ ထိန်းချုပ်မှုနှင့် ဘရိတ်ကိုက်မှုကို ထိခိုက်စေသောကြောင့် ယာဉ်မောင်းသူသည် မြန်နှုန်းလျှော့ပြီး သင့်လျော်သော ဂီယာကို ကြိုတင်ရွေးချယ်သင့်သည်။,,,PENDING,
sg_rtt_0011,road_signs_signals,,hard,You approach a junction with flashing red traffic lights but no officer present. What is the correct action?,ရဲမရှိသော လမ်းဆုံတွင် မီးနီ တဖျတ်ဖျတ်ပြနေသည်ကို တွေ့ရလျှင် မှန်ကန်သောလုပ်ဆောင်ချက်က ဘာလဲ။,"Treat it like a stop sign: stop fully, then proceed only when safe",Slow down slightly and continue without stopping,It has no legal meaning if no officer is present,ရပ်ဆိုင်းဘုတ်ကဲ့သို့ သတ်မှတ်ပါ — အပြည့်အဝရပ်ပြီး ဘေးကင်းမှသာ ဆက်သွားပါ,အနည်းငယ် မြန်နှုန်းလျှော့ပြီး မရပ်ဘဲ ဆက်သွားပါ,ရဲမရှိလျှင် ဥပဒေရေးရာ အဓိပ္ပါယ်မရှိပါ,A,"A flashing red light requires a full stop, just like a stop sign, before proceeding when the way is clear.",မီးနီ တဖျတ်ဖျတ်ပြခြင်းသည် ရပ်ဆိုင်းဘုတ်ကဲ့သို့ပင် အပြည့်အဝ ရပ်ရန် လိုအပ်ပြီး လမ်းကြောင်းကင်းမှသာ ဆက်သွားရမည်။,,,PENDING,
sg_rtt_0012,road_signs_signals,,easy,"A round sign with a black motorcycle on a white background and red border, with no other marking, generally indicates what?",အခြားမည်သည့်အမှတ်အသားမှမရှိသော အဖြူရောင်နောက်ခံပေါ်ရှိ အနက်ရောင်ဆိုင်ကယ်ပုံပါသည့် အနီရောင်အနားသတ်စက်ဝိုင်းဆိုင်းဘုတ်သည် အများအားဖြင့် ဘာကိုဆိုလိုသလဲ။,Restriction or hazard specifically concerning motorcycles,Motorcycle rental shop nearby,Free motorcycle servicing area,ဆိုင်ကယ်များနှင့် ဆိုင်သော ကန့်သတ်ချက် သို့မဟုတ် အန္တရာယ်,အနီးတွင် ဆိုင်ကယ်ငှားရမ်းဆိုင်ရှိသည်,အခမဲ့ ဆိုင်ကယ်ပြုပြင်ရေးဇုန်,A,"A motorcycle symbol within a red-bordered regulatory sign always signals a rule, restriction, or hazard that specifically applies to motorcyclists.",အနီရောင်အနားသတ် စည်းမျဉ်းဆိုင်းဘုတ်ထဲတွင် ဆိုင်ကယ်ပုံပါရှိလျှင် ဆိုင်ကယ်မောင်းသူများအတွက် သီးသန့်သက်ဆိုင်သော စည်းမျဉ်း၊ ကန့်သတ်ချက် သို့မဟုတ် အန္တရာယ်ကို အမြဲဆိုလိုသည်။,,,PENDING,
sg_rtt_0013,road_signs_signals,,medium,What does a sign showing two opposing arrows curving around each other indicate?,တစ်ခုနှင့်တစ်ခု ဆန့်ကျင်ဘက်ပတ်ပတ်လည်ကွေ့နေသော မြှားနှစ်ချောင်းပါသော ဆိုင်းဘုတ်သည် ဘာကိုဆိုလိုသလဲ။,A roundabout ahead,Two-way traffic begins,U-turn permitted here,ရှေ့တွင် အလှည့်ဝန်းရှိသည်,ယာဉ်နှစ်လမ်းသွား စတင်သည်,ဒီနေရာတွင် ပြန်လှည့်ခွင့်ရှိသည်,A,"This sign warns riders of an approaching roundabout, where they must give way to traffic already circulating from the right.",ဒီဆိုင်းဘုတ်သည် ချဥ်းကပ်လာသော အလှည့်ဝန်းကို သတိပေးပြီး ညာဘက်မှ လှည့်ပတ်နေသော ယာဉ်များကို လမ်းဖယ်ပေးရမည်။,,,PENDING,
sg_rtt_0014,road_signs_signals,,easy,A green rectangular sign with a white arrow and text showing a place name is what kind of sign?,နေရာအမည်နှင့် အဖြူရောင်မြှားပါသော အစိမ်းရောင် စတုဂံဆိုင်းဘုတ်သည် မည်သည့်အမျိုးအစား ဆိုင်းဘုတ်ဖြစ်သလဲ။,An informatory/direction sign,A warning sign,A prohibition sign,သတင်းအချက်အလက်/ လမ်းညွှန်ဆိုင်းဘုတ်,သတိပေးဆိုင်းဘုတ်,တားမြစ်ဆိုင်းဘုတ်,A,Green rectangular signs with arrows and place names are informatory signs that guide drivers and riders toward destinations.,မြှားနှင့် နေရာအမည်ပါသော အစိမ်းရောင် စတုဂံဆိုင်းဘုတ်များသည် ယာဉ်မောင်းသူများကို ဦးတည်ရာသို့ လမ်းညွှန်ပေးသော သတင်းအချက်အလက်ဆိုင်းဘုတ်များဖြစ်သည်။,,,PENDING,
sg_rtt_0015,road_signs_signals,,medium,"What does a sign with a black exclamation mark in a yellow triangle, placed with no other symbol, generally warn of?",အခြားအမှတ်အသားမပါဘဲ အဝါရောင်တြိဂံအတွင်း အနက်ရောင် အာမေဋိတ်အမှတ်ပါသော ဆိုင်းဘုတ်သည် အများအားဖြင့် မည်သည့်အရာကို သတိပေးသလဲ။,A general hazard not covered by a specific symbol,School zone ahead,End of all restrictions,သတ်မှတ်အမှတ်အသားနှင့် မကိုက်ညီသော ဘုံအန္တရာယ်,ရှေ့တွင် ကျောင်းဇုန်ရှိသည်,ကန့်သတ်ချက်အားလုံး ပြီးဆုံးခြင်း,A,"A plain exclamation mark warning sign is used for general hazards ahead that do not have a dedicated pictogram, such as unusual or temporary dangers.",ရိုးရှင်းသော အာမေဋိတ်အမှတ် သတိပေးဆိုင်းဘုတ်သည် သီးသန့်ပုံသင်္ကေတမရှိသော ရှေ့ရှိ ဘုံအန္တရာယ်များ ဥပမာ - ထူးခြားသော သို့မဟုတ် ခေတ္တအန္တရာယ်များအတွက် အသုံးပြုသည်။,,,PENDING,
sg_rtt_0016,road_signs_signals,,hard,"At an unsignalised pedestrian crossing, a pedestrian is waiting at the curb but has not stepped onto the crossing. What should a rider do?",မီးပြမရှိသော လူကူးမျဉ်းတွင် လူတစ်ဦးသည် လမ်းကောင်ဘေးတွင် စောင့်နေသော်လည်း လူကူးမျဉ်းပေါ်သို့ မလှမ်းရသေးပါက ယာဉ်မောင်းသူ ဘာလုပ်သင့်သလဲ။,Slow down and be prepared to stop in case the pedestrian steps onto the crossing,Maintain speed since the pedestrian has not stepped onto the crossing yet,Sound the horn to warn the pedestrian not to cross,လူသည် လူကူးမျဉ်းပေါ်သို့ လှမ်းနိုင်သောကြောင့် မြန်နှုန်းလျှော့ပြီး ရပ်ရန် အသင့်ပြင်ထားပါ,လူက လူကူးမျဉ်းပေါ်သို့ မလှမ်းရသေးသောကြောင့် မြန်နှုန်းကို ဆက်ထားပါ,လူကို မဖြတ်ရန် သတိပေးရန် ဟွန်းတီးပါ,A,"Even before stepping onto the crossing, a waiting pedestrian could move at any time, so riders should slow down and be ready to stop.",လူကူးမျဉ်းပေါ်သို့ မလှမ်းမီတောင် စောင့်နေသောလူသည် မည်သည့်အချိန်မဆို ရွေ့လှားနိုင်သောကြောင့် ယာဉ်မောင်းသူများသည် မြန်နှုန်းလျှော့ပြီး ရပ်ရန် အသင့်ပြင်ထားသင့်သည်။,,,PENDING,
sg_rtt_0017,road_signs_signals,,easy,What does an octagonal red sign with the word 'STOP' require?,'STOP' စာလုံးပါသော ရှစ်ဒေါင့်ပုံ အနီရောင်ဆိုင်းဘုတ်သည် ဘာလုပ်ရန် လိုအပ်သလဲ။,Come to a complete stop and proceed only when safe,Slow down but not necessarily stop,Give priority only to buses,အပြည့်အဝရပ်ပြီး ဘေးကင်းမှသာ ဆက်သွားပါ,မြန်နှုန်းလျှော့ပါ၊ မရပ်တန်းမရပ်,ဘတ်စ်ကားများကိုသာ ဦးစားပေးပါ,A,A stop sign requires every vehicle to come to a complete halt before proceeding when it is safe.,ရပ်ဆိုင်းဘုတ်သည် ယာဉ်တိုင်းအား ဘေးကင်းမှ ဆက်မသွားမီ အပြည့်အဝ ရပ်ရန် လိုအပ်သည်။,,,PENDING,
sg_rtt_0018,road_signs_signals,,medium,A sign shows a motorcycle and a car side by side with an arrow merging into one lane. What does this mean?,ဆိုင်ကယ်နှင့်ကားကို တန်းလျားကွပ်ပြီး လမ်းကြောတစ်ကြောင်းတည်းသို့ ပေါင်းစည်းနေသည့် မြှားပါသော ဆိုင်းဘုတ်သည် ဘာကိုဆိုလိုသလဲ။,Lanes are merging ahead; merge carefully and watch for other vehicles,Motorcycles must always give way to cars at this point,A motorcycle-only lane begins here,ရှေ့တွင် လမ်းကြောများ ပေါင်းစည်းမည်ဖြစ်သောကြောင့် သတိနှင့်ပေါင်းစည်းပြီး အခြားယာဉ်များကို ကြည့်ပါ,ဒီနေရာတွင် ဆိုင်ကယ်သည် ကားကို အမြဲလမ်းဖယ်ပေးရမည်,ဒီနေရာမှ ဆိုင်ကယ်သီးသန့်လမ်းကြော စတင်သည်,A,"This sign warns of a lane merge ahead; all vehicles, regardless of type, should merge safely while checking mirrors and blind spots.",ဒီဆိုင်းဘုတ်သည် ရှေ့တွင် လမ်းကြောပေါင်းစည်းမည်ဖြစ်ကြောင်း သတိပေးသည်၊ ယာဉ်အမျိုးအစားမရွေး ကြေးမှန်နှင့် မျက်စိမမြင်ရသောနေရာများကို စစ်ဆေးပြီး ဘေးကင်းစွာ ပေါင်းစည်းသင့်သည်။,,,PENDING,
sg_rtt_0019,road_signs_signals,,easy,A sign with a bicycle symbol inside a red circle with a diagonal bar means what?,အနီရောင်စက်ဝိုင်းအတွင်း ဖြတ်မျဉ်းနှင့်အတူ စက်ဘီးပုံပါသော ဆိုင်းဘုတ်သည် ဘာကိုဆိုလိုသလဲ။,Bicycles are not allowed on this road,Bicycle parking only,Shared path for bicycles and motorcycles,ဒီလမ်းတွင် စက်ဘီးများ ဝင်ခွင့်မရှိ,စက်ဘီးရပ်နားရန် နေရာသာ,စက်ဘီးနှင့် ဆိုင်ကယ် မျှဝေသုံးသော လမ်း,A,A symbol crossed by a red diagonal bar within a circle is a prohibition; here it bans bicycles from that road.,စက်ဝိုင်းအတွင်း အနီရောင်ဖြတ်မျဉ်းဖြတ်ထားသော သင်္ကေတသည် တားမြစ်ခြင်းဖြစ်ပြီး ဒီနေရာတွင် စက်ဘီးများကို ထိုလမ်းမှ တားမြစ်သည်။,,,PENDING,
sg_rtt_0020,road_signs_signals,,medium,What does it mean when a rider ahead of you extends their left arm and moves it up and down?,ရှေ့မှ ယာဉ်မောင်းသူသည် ဘယ်ဘက်လက်ကို ညှင်းပြီး အပေါ်အောက်လှုပ်လျှင် ဘာကိုဆိုလိုသလဲ။,Slowing down or stopping,Turning left,Overtaking another vehicle,မြန်နှုန်းလျှော့သည် သို့မဟုတ် ရပ်တော့မည်,ဘယ်ဘက်ကွေ့မည်,အခြားယာဉ်ကို ကျော်တက်မည်,A,"Moving an extended arm up and down is the hand signal for slowing down or stopping, alerting riders or drivers behind.",ညှင်းထားသောလက်ကို အပေါ်အောက်လှုပ်ခြင်းသည် မြန်နှုန်းလျှော့မည် သို့မဟုတ် ရပ်တော့မည်ကို နောက်က ယာဉ်မောင်းသူများအား အသိပေးသော လက်အချက်ပြဖြစ်သည်။,,,PENDING,
sg_rtt_0021,road_signs_signals,,hard,A flashing amber arrow at a signalised junction allows you to turn in that direction provided what condition is met?,ယာဉ်မီးပြလမ်းဆုံတွင် မီးဝါမြှား တဖျတ်ဖျတ်ပြနေလျှင် မည်သည့်အခြေအနေနှင့် ကိုက်ညီမှသာ ထိုဘက်သို့ ကွေ့နိုင်သလဲ။,You give way to pedestrians and oncoming traffic before turning,You sound the horn before turning,Any oncoming vehicle has already stopped completely,ကွေ့မီ လူသွားလူလာနှင့် ဆန့်ကျင်ဘက်ယာဉ်များကို လမ်းဖယ်ပေးရမည်,ကွေ့မီ ဟွန်းတီးရမည်,ဆန့်ကျင်ဘက်ယာဉ်တိုင်း အပြည့်အဝရပ်ပြီးသွားသည်,A,"A flashing amber arrow permits a filter turn, but the rider must yield to pedestrians and any conflicting oncoming traffic before proceeding.",မီးဝါမြှား တဖျတ်ဖျတ်ပြခြင်းသည် ဖြတ်ကွေ့ခွင့်ပြုသော်လည်း ယာဉ်မောင်းသူသည် ဆက်သွားမီ လူသွားလူလာနှင့် ဆန့်ကျင်ဘက်မှ ဆက်လက်ရောက်ရှိနေသော ယာဉ်များကို လမ်းဖယ်ပေးရမည်။,,,PENDING,
sg_rtt_0022,road_signs_signals,,easy,A circular sign showing the number '70' inside a red border on a white background means what?,အဖြူရောင်နောက်ခံပေါ် အနီရောင်အနားသတ်အတွင်း '70' ဂဏန်းပါသော စက်ဝိုင်းဆိုင်းဘုတ်သည် ဘာကိုဆိုလိုသလဲ။,Maximum speed limit of 70 km/h,Minimum speed limit of 70 km/h,Distance of 70 m to the next junction,အများဆုံး အမြန်နှုန်းကန့်သတ်ချက် 70 km/h,အနည်းဆုံး အမြန်နှုန်းကန့်သတ်ချက် 70 km/h,နောက်လမ်းဆုံအထိ အကွာအဝေး 70 m,A,A number inside a red-bordered circle indicates the maximum speed permitted on that stretch of road.,အနီရောင်အနားသတ်စက်ဝိုင်းအတွင်းရှိ ဂဏန်းသည် ထိုလမ်းပိုင်းတွင် ခွင့်ပြုထားသော အများဆုံးအမြန်နှုန်းကို ဖော်ပြသည်။,,,PENDING,
sg_rtt_0023,road_signs_signals,,medium,What does a sign showing a motorcycle with the word 'ERP' typically warn riders about?,'ERP' စာလုံးနှင့်အတူ ဆိုင်ကယ်ပုံပါသော ဆိုင်းဘုတ်သည် ယာဉ်မောင်းသူများကို အများအားဖြင့် ဘာကို သတိပေးသလဲ။,An Electronic Road Pricing gantry is ahead where charges may apply,An emergency repair point for motorcycles is ahead,A motorcycle racing track exit is ahead,ရှေ့တွင် အခကြေးငွေ ကောက်ခံနိုင်သော Electronic Road Pricing (ERP) တံခါးရှိသည်,ရှေ့တွင် ဆိုင်ကယ်အရေးပေါ် ပြုပြင်ရေးနေရာရှိသည်,ရှေ့တွင် ဆိုင်ကယ်ပြိုင်ကွင်း အထွက်ရှိသည်,A,"ERP gantries automatically deduct road usage charges from registered vehicles, including motorcycles, when passing under them during operating hours.",ERP တံခါးများသည် လုပ်ငန်းချိန်အတွင်း အောက်မှ ဖြတ်သန်းသော ဆိုင်ကယ်အပါအဝင် မှတ်ပုံတင်ထားသော ယာဉ်များမှ လမ်းသုံးခကို အလိုအလျောက် နှိမ့်ယူသည်။,,,PENDING,
sg_rtt_0024,road_signs_signals,,hard,"Two riders approach a junction from opposite directions, both wanting to turn right with no signal control. Who has priority?",ယာဉ်မီးပြမရှိသော လမ်းဆုံသို့ ယာဉ်မောင်းသူနှစ်ဦးသည် ဆန့်ကျင်ဘက်လမ်းကြောင်းများမှ ညာဘက်ကွေ့ရန် လာကြသည်။ ဘယ်သူက ဦးစားပေးခွင့်ရှိသလဲ။,"Both should slow down, make eye contact if possible, and proceed only when it is clearly safe",The vehicle on the left always has automatic priority,Whichever rider arrives first may proceed without caution,နှစ်ဦးစလုံး မြန်နှုန်းလျှော့ပြီး ဖြစ်နိုင်ရင် မျက်လုံးချင်းဆုံပြီး ရှင်းရှင်းလင်းလင်း ဘေးကင်းမှသာ ဆက်သွားသင့်သည်,ဘယ်ဘက်ရှိယာဉ်က အမြဲတမ်း အလိုအလျောက် ဦးစားပေးခွင့်ရှိသည်,ဦးဆုံးရောက်ရှိလာသော ယာဉ်မောင်းသူသည် သတိမစိုက်ဘဲ ဆက်သွားနိုင်သည်,A,"Without traffic control, there is no automatic priority for opposing right turns; both riders must slow down, communicate, and proceed cautiously to avoid collision.",ယာဉ်ထိန်းချုပ်မှု မရှိသောအခါ ဆန့်ကျင်ဘက်ညာဘက်ကွေ့ခြင်းအတွက် အလိုအလျောက် ဦးစားပေးခွင့် မရှိပါ၊ ယာဉ်မောင်းသူနှစ်ဦးစလုံး မြန်နှုန်းလျှော့ပြီး အချင်းချင်းနားလည်မှုရယူပြီးမှ သတိနှင့်ဆက်သွားရမည်။,,,PENDING,
sg_rtt_0025,road_signs_signals,,easy,A sign showing a white 'H' inside a blue square indicates what?,အပြာရောင်စတုဂံအတွင်း အဖြူရောင် 'H' စာလုံးပါသော ဆိုင်းဘုတ်သည် ဘာကိုဆိုလိုသလဲ။,Hospital nearby,Highway entrance,Helmet inspection point,အနီးတွင် ဆေးရုံရှိသည်,အဝှေးလမ်းမ ဝင်ပေါက်,ဆောင်းထောက်စစ်ဆေးရေးနေရာ,A,Blue informatory signs with an 'H' indicate the direction to the nearest hospital.,'H' စာလုံးပါသော အပြာရောင် သတင်းအချက်အလက်ဆိုင်းဘုတ်များသည် အနီးဆုံးဆေးရုံသို့ သွားသောလမ်းကြောင်းကို ညွှန်ပြသည်။,,,PENDING,
sg_rtt_0026,right_of_way_traffic_rules,,easy,"At a roundabout, which traffic generally has the right of way?",အလှည့်ဝန်းတွင် မည်သည့်ယာဉ်များက ပုံမှန်အားဖြင့် ဦးစားပေးခွင့်ရှိသလဲ။,Traffic already circulating within the roundabout,Traffic entering the roundabout,Whichever vehicle is larger,အလှည့်ဝန်းအတွင်း လှည့်ပတ်နေနှင့်ပြီးသော ယာဉ်များ,အလှည့်ဝန်းသို့ ဝင်လာသော ယာဉ်များ,ပိုကြီးသော ယာဉ်,A,Vehicles already circulating in a roundabout have priority; vehicles entering must give way to them.,အလှည့်ဝန်းအတွင်း လှည့်ပတ်နေနှင့်ပြီးသော ယာဉ်များသည် ဦးစားပေးခွင့်ရှိပြီး ဝင်လာသော ယာဉ်များက လမ်းဖယ်ပေးရမည်။,,,PENDING,
sg_rtt_0027,right_of_way_traffic_rules,,easy,What is the general speed limit on Singapore expressways unless otherwise signposted?,ဆိုင်းဘုတ်က အခြားနည်းမဖော်ပြလျှင် Singapore အဝှေးလမ်းမများ၏ ပုံမှန်အမြန်နှုန်းကန့်သတ်ချက်မှာ ဘယ်လောက်လဲ။,90 km/h,50 km/h,120 km/h,၉၀ km/h,၅၀ km/h,၁၂၀ km/h,A,"Unless a different limit is signposted, the default maximum speed limit on Singapore expressways is 90 km/h.",ဆိုင်းဘုတ်က ကွဲပြားသော ကန့်သတ်ချက်ကို မဖော်ပြလျှင် Singapore အဝှေးလမ်းမများ၏ ပုံသေ အများဆုံးအမြန်နှုန်းမှာ ၉၀ km/h ဖြစ်သည်။,,,PENDING,
sg_rtt_0028,right_of_way_traffic_rules,,medium,Where are motorcycles strictly prohibited from parking?,ဆိုင်ကယ်များ ရပ်နားခွင့်လုံးဝမရှိသော နေရာများကား မည်သည့်နေရာများဖြစ်သလဲ။,On a pedestrian footpath or within a designated no-parking zone,In any motorcycle parking lot marked on the road,In multi-storey carparks designated for motorcycles,ခြေလျင်လမ်းကောင် သို့မဟုတ် ရပ်နားခွင့်မရှိဇုန်တွင်,လမ်းပေါ်တွင် အမှတ်အသားပြုထားသော ဆိုင်ကယ်ရပ်နားနေရာများတွင်,ဆိုင်ကယ်အတွက် သတ်မှတ်ထားသော ထပ်ကာကားပါကင်တွင်,A,Parking on footpaths obstructs pedestrians and is illegal; riders must use designated motorcycle parking areas only.,ခြေလျင်လမ်းကောင်ပေါ်တွင် ရပ်နားခြင်းသည် ခြေလျင်သွားလာသူများကို နှောင့်ယှက်ပြီး ဥပဒေနှင့်မညီသောကြောင့် ယာဉ်မောင်းသူများသည် သတ်မှတ်ထားသော ဆိုင်ကယ်ရပ်နားနေရာများသာ အသုံးပြုရမည်။,,,PENDING,
sg_rtt_0029,right_of_way_traffic_rules,,medium,"When an ambulance with flashing lights and siren approaches from behind, what should a rider do?",မီးတောက်တောက်ပြီး ဆိုင်ရင်းအော်သံပါသော ဆေးရုံကားက နောက်ကျောမှ ချဥ်းကပ်လာလျှင် ယာဉ်မောင်းသူ ဘာလုပ်သင့်သလဲ။,Safely move aside and let it pass without sudden braking,Speed up to clear the way faster,Stop immediately in the current lane,ရုတ်တရက် ဘရိတ်ကိုက်ခြင်း မလုပ်ဘဲ ဘေးကင်းစွာ ဖယ်ပေးပါ,လမ်းကို ပိုမြန်ရှင်းရန် အရှိန်မြှင့်ပါ,လက်ရှိလမ်းကြောတွင် ချက်ချင်းရပ်ပါ,A,Emergency vehicles have priority; riders should calmly and safely move aside to let them pass without abrupt manoeuvres that could cause an accident.,အရေးပေါ်ယာဉ်များသည် ဦးစားပေးခွင့်ရှိသောကြောင့် ယာဉ်မောင်းသူများသည် မတော်တဆမှု မဖြစ်စေရန် ရုတ်တရက်လှုပ်ရှားမှုမပါဘဲ တည်ငြိမ်စွာ ဘေးကင်းစွာ ဖယ်ပေးသင့်သည်။,,,PENDING,
sg_rtt_0030,right_of_way_traffic_rules,,easy,Is it legal for a motorcycle to use the bus lane during its hours of operation?,ဘတ်စ်ကားလိုင်း လုပ်ငန်းချိန်အတွင်း ဆိုင်ကယ်များ အသုံးပြုခြင်းသည် ဥပဒေနှင့် ညီပါသလား။,"No, motorcycles must not use bus lanes during operating hours unless permitted by signage","Yes, motorcycles are always allowed in bus lanes",Only allowed after 10pm regardless of signage,မညီပါ၊ ဆိုင်းဘုတ်က ခွင့်ပြုထားလျှင်မှလွဲ၍ ဆိုင်ကယ်များသည် လုပ်ငန်းချိန်အတွင်း ဘတ်စ်ကားလိုင်းကို အသုံးပြုခွင့်မရှိပါ,ညီပါသည်၊ ဆိုင်ကယ်များသည် ဘတ်စ်ကားလိုင်းကို အမြဲတမ်း အသုံးပြုခွင့်ရှိသည်,ဆိုင်းဘုတ်မရွေး ည ၁၀ နာရီနောက်ပိုင်းမှသာ ခွင့်ပြုသည်,A,Bus lane restrictions apply to motorcycles during the stated hours unless a sign specifically permits motorcycle use.,ဆိုင်းဘုတ်က သီးသန့်ခွင့်ပြုထားလျှင်မှလွဲ၍ ဘတ်စ်ကားလိုင်းကန့်သတ်ချက်သည် ဖော်ပြထားသော အချိန်များအတွင်း ဆိုင်ကယ်များအပေါ် သက်ဆိုင်သည်။,,,PENDING,
sg_rtt_0031,right_of_way_traffic_rules,,medium,Two motorcycles approach a zebra crossing where pedestrians are actively crossing. What is required?,လူများ တက်ကြွစွာ ဖြတ်ကျော်နေသော ဇီဘရာလူကူးမျဉ်းသို့ ဆိုင်ကယ်နှစ်စီး ချဥ်းကပ်လာလျှင် ဘာလုပ်ရန် လိုအပ်သလဲ။,Both must stop and wait until pedestrians finish crossing,Only the motorcycle in the left lane must stop,They may proceed slowly around the pedestrians,နှစ်စီးစလုံး ရပ်ပြီး လူများ ဖြတ်ပြီးသည်အထိ စောင့်ရမည်,ဘယ်ဘက်လမ်းကြောရှိ ဆိုင်ကယ်တစ်စီးသာ ရပ်ရမည်,လူများ ဘေးမှ နှေးနှေးဖြတ်နိုင်သည်,A,"All vehicles, including every lane of traffic, must stop for pedestrians actively crossing at a zebra crossing.",ဇီဘရာလူကူးမျဉ်းတွင် တက်ကြွစွာ ဖြတ်ကျော်နေသော လူများအတွက် လမ်းကြောတိုင်းရှိ ယာဉ်အားလုံး ရပ်ရမည်။,,,PENDING,
sg_rtt_0032,right_of_way_traffic_rules,,hard,"A motorcycle is travelling on a single-lane road and reaches a narrow bridge where only one vehicle can pass at a time, with a vehicle already on the bridge from the opposite side. What should the rider do?",လမ်းကြောတစ်ကြောင်းတည်းပါသော လမ်းပေါ်တွင် ဆိုင်ကယ်တစ်စီးသည် တစ်ကြိမ်လျှင် ယာဉ်တစ်စီးသာ ဖြတ်နိုင်သော ကျဉ်းမြောင်းသည့်တံတားသို့ ရောက်လျှင် ဆန့်ကျင်ဘက်မှ ယာဉ်တစ်စီး တံတားပေါ်တွင် ရှိနေပြီးသား ဖြစ်နေသည်။ ယာဉ်မောင်းသူ ဘာလုပ်သင့်သလဲ။,Wait at the entrance until the other vehicle clears the bridge,Enter the bridge and expect the other vehicle to reverse,Increase speed to cross before the other vehicle reaches the middle,အခြားယာဉ်က တံတားကို ရှင်းသွားသည်အထိ တံတားဝင်ပေါက်တွင် စောင့်ပါ,တံတားသို့ဝင်ပြီး အခြားယာဉ်က နောက်ပြန်ဆုတ်မည်ဟု မျှော်လင့်ပါ,အခြားယာဉ် အလယ်ကို မရောက်မီ ဖြတ်ရန် မြန်နှုန်းမြှင့်ပါ,A,The vehicle already on a single-lane bridge has priority; the rider must wait at the entrance until it is completely clear before proceeding.,တစ်ကြောင်းတည်းတံတားပေါ်တွင် ရှိနေပြီးသား ယာဉ်သည် ဦးစားပေးခွင့်ရှိသောကြောင့် ယာဉ်မောင်းသူသည် လုံးဝရှင်းသွားသည်အထိ ဝင်ပေါက်တွင် စောင့်ရမည်။,,,PENDING,
sg_rtt_0033,right_of_way_traffic_rules,,easy,What is the minimum age requirement and licence class needed to ride a Class 2B motorcycle in Singapore?,Singapore တွင် Class 2B ဆိုင်ကယ်မောင်းနှင်ရန် လိုအပ်သော အသက်အနည်းဆုံးနှင့် လိုင်စင်အတန်းအစားမှာ ဘာလဲ။,At least 18 years old with a valid Class 2B licence,At least 16 years old with any driving licence,No minimum age as long as supervised by an adult,အနည်းဆုံး အသက် ၁၈ နှစ်ပြည့်ပြီး တရားဝင် Class 2B လိုင်စင်ရှိရမည်,အနည်းဆုံး အသက် ၁၆ နှစ်ပြည့်ပြီး မောင်းနှင်ခွင့်လိုင်စင် တစ်မျိုးမျိုးရှိရမည်,လူကြီးတစ်ဦးက ကြီးကြပ်ပါက အသက်အနည်းဆုံး မရှိပါ,A,Riders must be at least 18 years old and hold a valid Class 2B licence to legally ride a motorcycle up to 200cc.,ဆိုင်ကယ်ကို 200cc အထိ တရားဝင်မောင်းနှင်ရန် ယာဉ်မောင်းသူသည် အနည်းဆုံး အသက် ၁၈ နှစ်ပြည့်ပြီး တရားဝင် Class 2B လိုင်စင်ရှိရမည်။,,,PENDING,
sg_rtt_0034,right_of_way_traffic_rules,,medium,"When approaching a give-way junction, a rider must do what before entering the main road?",လမ်းဖယ်ရန် လမ်းဆုံသို့ ချဥ်းကပ်သောအခါ ယာဉ်မောင်းသူသည် အဓိကလမ်းမသို့ ဝင်မီ ဘာလုပ်ရမည်လဲ။,"Slow down, check both directions, and give way to traffic on the main road",Sound the horn and proceed at the same speed,Stop completely regardless of traffic conditions,မြန်နှုန်းလျှော့ပြီး ဘက်နှစ်ဖက်ကို စစ်ဆေးကာ အဓိကလမ်းမပေါ်ရှိ ယာဉ်များကို လမ်းဖယ်ပေးပါ,ဟွန်းတီးပြီး အရှိန်အတိုင်း ဆက်သွားပါ,ယာဉ်အခြေအနေမရွေး လုံးဝရပ်ပါ,A,"A give-way sign requires riders to slow down, check for approaching traffic in both directions, and yield to traffic already on the main road.",လမ်းဖယ်ဆိုင်းဘုတ်သည် ယာဉ်မောင်းသူအား မြန်နှုန်းလျှော့ပြီး ဘက်နှစ်ဖက်မှ လာနေသော ယာဉ်များကို စစ်ဆေးကာ အဓိကလမ်းမပေါ်ရှိ ယာဉ်များကို လမ်းဖယ်ပေးရန် လိုအပ်သည်။,,,PENDING,
sg_rtt_0035,right_of_way_traffic_rules,,medium,Can a motorcycle legally tow another vehicle or trailer on a public road in Singapore?,Singapore ရှိ အများသုံးလမ်းပေါ်တွင် ဆိုင်ကယ်တစ်စီးသည် အခြားယာဉ် သို့မဟုတ် ဒရွတ်တစ်စီးကို တရားဝင် ဆွဲနိုင်ပါသလား။,"No, motorcycles are not permitted to tow trailers or other vehicles","Yes, as long as the towed item weighs less than 50 kg","Yes, but only on expressways",မရပါ၊ ဆိုင်ကယ်များသည် ဒရွတ် သို့မဟုတ် အခြားယာဉ်များကို ဆွဲခွင့်မရှိပါ,ရပါသည်၊ ဆွဲနေသောအရာသည် ၅၀ ကီလိုဂရမ်အောက် ရှိရင် ရသည်,ရပါသည်၊ သို့သော် အဝှေးလမ်းမများတွင်သာ,A,"Motorcycles are not designed or licensed to tow trailers or other vehicles, as this severely affects balance and braking, making it prohibited.",ဆိုင်ကယ်များသည် ဒရွတ် သို့မဟုတ် အခြားယာဉ်များကို ဆွဲနိုင်ရန် ပုံစံချထားခြင်း သို့မဟုတ် လိုင်စင်ရရှိထားခြင်း မရှိသောကြောင့် ထိန်းချုပ်မှုနှင့် ဘရိတ်ကိုက်မှုကို အလွန်အမင်း ထိခိုက်စေပြီး တားမြစ်ထားသည်။,,,PENDING,
sg_rtt_0036,right_of_way_traffic_rules,,easy,"At a junction controlled by traffic police only (no working traffic light), what must drivers and riders do?",ယာဉ်အချက်ပြမီး အလုပ်မလုပ်ဘဲ ရဲမှသာ ထိန်းချုပ်နေသော လမ်းဆုံတွင် ယာဉ်မောင်းသူများ ဘာလုပ်ရမည်လဲ။,"Obey the police officer's hand signals, ignoring the malfunctioning lights",Wait for the lights to be repaired before moving,"Follow only the traffic light, since it takes precedence over the officer",ပျက်နေသော မီးပြများကို ဂရုမစိုက်ဘဲ ရဲ၏ လက်အချက်ပြများကို လိုက်နာပါ,ရွေ့မီ မီးပြများကို ပြန်ပြင်သည်အထိ စောင့်ပါ,ရဲထက် ယာဉ်အချက်ပြမီးက ဦးစားပေးခွင့်ရှိသောကြောင့် မီးပြကိုသာ လိုက်နာပါ,A,"A traffic police officer's hand signals always override traffic lights, whether the lights are working or not.",ယာဉ်ရဲ၏ လက်အချက်ပြများသည် ယာဉ်အချက်ပြမီး အလုပ်လုပ်သည် သို့မလုပ်သည် မရွေး အမြဲတမ်း ဦးစားပေးခွင့်ရှိသည်။,,,PENDING,
sg_rtt_0037,right_of_way_traffic_rules,,medium,What does Singapore law require regarding the maximum number of motorcycles allowed to ride abreast in a single lane?,Singapore ဥပဒေအရ လမ်းကြောတစ်ကြောင်းတည်းတွင် ဆိုင်ကယ်များ တန်းလျားစီ မောင်းနှင်ရန် ခွင့်ပြုထားသော အများဆုံးအရေအတွက်ကို ဘယ်လို သတ်မှတ်ထားသလဲ။,No more than two motorcycles may ride abreast in a single lane,Up to four motorcycles may ride abreast in a single lane,There is no legal limit on the number riding abreast,လမ်းကြောတစ်ကြောင်းတည်းတွင် ဆိုင်ကယ်နှစ်စီးထက်ပို၍ တန်းလျားစီ မောင်းနှင်ခွင့်မရှိ,လမ်းကြောတစ်ကြောင်းတည်းတွင် ဆိုင်ကယ်လေးစီးအထိ တန်းလျားစီ မောင်းနှင်ခွင့်ရှိသည်,တန်းလျားစီအရေအတွက်တွင် ဥပဒေကန့်သတ်ချက် လုံးဝမရှိ,A,"To maintain safety and lane discipline, no more than two motorcycles are permitted to ride side by side within a single lane.",ဘေးကင်းမှုနှင့် လမ်းကြောစည်းကမ်းကို ထိန်းသိမ်းရန် လမ်းကြောတစ်ကြောင်းတည်းအတွင်း ဆိုင်ကယ်နှစ်စီးထက်ပို၍ တန်းလျားစီ မောင်းနှင်ခွင့် မပြုပါ။,,,PENDING,
sg_rtt_0038,right_of_way_traffic_rules,,hard,A motorcycle is stopped at a red light in the leftmost lane marked for 'left turn only'. The rider wants to go straight. What should the rider do?,ဆိုင်ကယ်တစ်စီးသည် 'ဘယ်ဘက်ကွေ့ရန်သာ' ဟု အမှတ်အသားပြုထားသော ဘယ်ဘက်အစွန်ဆုံးလမ်းကြောတွင် မီးနီအတွင်း ရပ်နားနေသည်။ ယာဉ်မောင်းသူသည် တည့်တည့်သွားလိုသည်။ ဘာလုပ်သင့်သလဲ။,"Wait for a safe gap, signal, and move into a lane that permits going straight before the junction",Go straight from the left-turn-only lane since it is a minor rule,Turn left first then make an immediate U-turn,ဘေးကင်းသော ကြားကွက်ကို စောင့်ပြီး အချက်ပြကာ လမ်းဆုံမရောက်မီ တည့်တည့်သွားခွင့်ရှိသောလမ်းကြောသို့ ပြောင်းပါ,သေးငယ်သောစည်းမျဉ်းဖြစ်သောကြောင့် ဘယ်ဘက်ကွေ့ရန်သာလမ်းကြောမှ တည့်တည့်သွားပါ,ဦးစွာဘယ်ဘက်ကွေ့ပြီးမှ ချက်ချင်း ပြန်လှည့်ပါ,A,"Lane markings are mandatory; a rider in a left-turn-only lane must safely change lanes before the junction if they intend to go straight, not violate the marking.",လမ်းကြောအမှတ်အသားများသည် မဖြစ်မနေလိုက်နာရမည့်အချက်များဖြစ်သောကြောင့် ဘယ်ဘက်ကွေ့ရန်သာလမ်းကြောရှိ ယာဉ်မောင်းသူသည် တည့်တည့်သွားလိုပါက လမ်းဆုံမရောက်မီ ဘေးကင်းစွာ လမ်းကြောပြောင်းရမည်၊ အမှတ်အသားကို ချိုးဖောက်မထားရ။,,,PENDING,
sg_rtt_0039,right_of_way_traffic_rules,,easy,What should a rider do when approaching a school zone sign during school hours?,ကျောင်းချိန်အတွင်း ကျောင်းဇုန်ဆိုင်းဘုတ်ကို ချဥ်းကပ်လာသောအခါ ယာဉ်မောင်းသူ ဘာလုပ်သင့်သလဲ။,Reduce speed and watch carefully for children crossing,Maintain normal speed since motorcycles are exempt,Sound the horn continuously to clear the path,မြန်နှုန်းလျှော့ပြီး ကလေးများ ဖြတ်ကျော်မှုကို သတိနှင့်ကြည့်ပါ,ဆိုင်ကယ်များ ကင်းလွတ်ခွင့်ရှိသောကြောင့် ပုံမှန်မြန်နှုန်းကို ဆက်ထားပါ,လမ်းကိုရှင်းရန် ဟွန်းကို မရပ်တမ်းတီးပါ,A,"School zone signs warn of children who may suddenly cross; all vehicles, including motorcycles, must slow down and stay alert.",ကျောင်းဇုန်ဆိုင်းဘုတ်များသည် ရုတ်တရက် ဖြတ်ကျော်နိုင်သော ကလေးများအကြောင်း သတိပေးသောကြောင့် ဆိုင်ကယ်အပါအဝင် ယာဉ်အားလုံး မြန်နှုန်းလျှော့ပြီး သတိရှိနေရမည်။,,,PENDING,
sg_rtt_0040,right_of_way_traffic_rules,,medium,"When emerging from a side road onto a major road with a 'Give Way' sign, traffic on the major road has priority. What if the major road is empty?",'လမ်းဖယ်' ဆိုင်းဘုတ်ပါသော ဘေးလမ်းမှ အဓိကလမ်းသို့ ဝင်သောအခါ အဓိကလမ်းပေါ်ရှိ ယာဉ်များက ဦးစားပေးခွင့်ရှိသည်။ အဓိကလမ်းတွင် ယာဉ်မရှိလျှင် ဘယ်လိုလုပ်ရမလဲ။,"Still slow down, check both ways, and proceed only when clearly safe",Proceed at full speed since the road is empty,The give-way rule no longer applies if no traffic is visible,မြန်နှုန်းလျှော့ပြီး ဘက်နှစ်ဖက်ကို စစ်ဆေးကာ ဘေးကင်းရှင်းလင်းမှသာ ဆက်သွားပါ,လမ်းတွင်ယာဉ်မရှိသောကြောင့် အပြည့်အဝမြန်နှုန်းနှင့် ဆက်သွားပါ,ယာဉ်မမြင်ရလျှင် လမ်းဖယ်စည်းမျဉ်း မသက်ဆိုင်တော့ပါ,A,"Even when the major road appears empty, riders must still slow down and check carefully, as a give-way rule is a safety habit, not just a reaction to visible traffic.",အဓိကလမ်းသည် ယာဉ်မရှိဟု ထင်ရသော်လည်း လမ်းဖယ်စည်းမျဉ်းသည် မြင်ရသော ယာဉ်များအတွက်သာ တုံ့ပြန်ခြင်းမဟုတ်ဘဲ ဘေးကင်းရေးအလေ့အကျင့်ဖြစ်သောကြောင့် ယာဉ်မောင်းသူများသည် မြန်နှုန်းလျှော့ပြီး သတိနှင့်စစ်ဆေးရမည်။,,,PENDING,
sg_rtt_0041,right_of_way_traffic_rules,,easy,What is the legal requirement for a motorcycle's headlight during daytime riding in Singapore?,Singapore တွင် နေ့ဘက်မောင်းနှင်စဉ် ဆိုင်ကယ်၏ ရှေ့မီးအတွက် ဥပဒေအရ လိုအပ်ချက်က ဘာလဲ။,The headlight must be kept switched on at all times while riding,The headlight is only required after sunset,The headlight may be switched off during heavy traffic,မောင်းနှင်နေစဉ် ရှေ့မီးကို အချိန်တိုင်း ဖွင့်ထားရမည်,ရှေ့မီးသည် နေဝင်ပြီးမှသာ လိုအပ်သည်,ယာဉ်အသွားအလာများသောအခါ ရှေ့မီးကို ပိတ်ထားနိုင်သည်,A,"Motorcyclists are required to ride with headlights on at all times, day and night, to improve visibility to other road users.",ဆိုင်ကယ်မောင်းသူများသည် အခြားလမ်းသုံးသူများ ပိုမြင်နိုင်ရန် နေ့၊ ညမရွေး ရှေ့မီးကို အချိန်တိုင်း ဖွင့်ထားရန် လိုအပ်သည်။,,,PENDING,
sg_rtt_0042,right_of_way_traffic_rules,,medium,"On a road with a continuous (solid) white line separating lanes, what does this mean for a rider?",လမ်းကြောများကို ပိုင်းခြားထားသော အဆက်မပြတ် (အစဥ်အမြဲ) အဖြူရောင်မျဉ်းရှိသောလမ်းတွင် ယာဉ်မောင်းသူအတွက် ဘာကိုဆိုလိုသလဲ။,Crossing or straddling the line is not allowed except in an emergency,Overtaking across the line is always allowed for motorcycles,The line only applies to heavy vehicles,အရေးပေါ်အခြေအနေမှလွဲ၍ မျဉ်းကို ဖြတ်ကျော် သို့မဟုတ် နှစ်ဘက်ကြားနင်းခြင်း ခွင့်မပြုပါ,ဆိုင်ကယ်များအတွက် မျဉ်းဖြတ်ကျော်ကာ ကျော်တက်ခြင်း အမြဲခွင့်ပြုသည်,ဒီမျဉ်းသည် ယာဉ်ကြီးများအတွက်သာ သက်ဆိုင်သည်,A,"A continuous white line indicates that crossing or straddling it is prohibited, generally because visibility or safety conditions make overtaking dangerous there.",အဆက်မပြတ်အဖြူရောင်မျဉ်းသည် ထိုနေရာတွင် ကျော်တက်ခြင်းအန္တရာယ်ရှိသော မြင်နိုင်စွမ်း သို့မဟုတ် ဘေးကင်းရေးအခြေအနေများကြောင့် ဖြတ်ကျော် သို့မဟုတ် နှစ်ဘက်ကြားနင်းခြင်းကို တားမြစ်ထားသည်ကို ညွှန်ပြသည်။,,,PENDING,
sg_rtt_0043,right_of_way_traffic_rules,,hard,A rider is found riding a Class 2B motorcycle while holding only a Class 3 (car) licence with no motorcycle licence. What is the legal consequence?,ဆိုင်ကယ်လိုင်စင်မရှိဘဲ Class 3 (ကား) လိုင်စင်သာရှိသူက Class 2B ဆိုင်ကယ်ကို မောင်းနှင်နေလျှင် ဥပဒေအရ ဆက်လက်ဖြစ်ပေါ်မှုက ဘာလဲ။,It is an offence of riding without a valid licence for that vehicle class,It is allowed since a Class 3 licence covers all vehicle types,It is allowed only if accompanied by a licensed rider,ထိုယာဉ်အတန်းအစားအတွက် တရားဝင်လိုင်စင်မရှိဘဲ မောင်းနှင်ခြင်း ပြစ်မှုဖြစ်သည်,Class 3 လိုင်စင်သည် ယာဉ်အမျိုးအစားအားလုံးကို လွှမ်းခြုံသောကြောင့် ခွင့်ပြုသည်,လိုင်စင်ရှိသော ယာဉ်မောင်းသူနှင့်အတူ လိုက်ပါလျှင်သာ ခွင့်ပြုသည်,A,A Class 3 car licence does not authorise riding motorcycles; riding a Class 2B motorcycle without holding a valid Class 2B licence is an offence.,Class 3 ကားလိုင်စင်သည် ဆိုင်ကယ်မောင်းနှင်ခွင့်ကို ပေးအပ်ခြင်းမရှိပါ၊ တရားဝင် Class 2B လိုင်စင်မရှိဘဲ Class 2B ဆိုင်ကယ်ကို မောင်းနှင်ခြင်းသည် ပြစ်မှုတစ်ခုဖြစ်သည်။,,,PENDING,
sg_rtt_0044,right_of_way_traffic_rules,,medium,A motorcyclist wants to make a U-turn at a junction where a 'No U-Turn' sign is displayed. What should the rider do?,'ပြန်လှည့်ခွင့်မရှိ' ဆိုင်းဘုတ်ရှိသော လမ်းဆုံတွင် ပြန်လှည့်လိုသော ယာဉ်မောင်းသူ ဘာလုပ်သင့်သလဲ။,Find an alternative junction or turning point where it is permitted,U-turn anyway since motorcycles are exempt from this sign,U-turn only if no other vehicles are visible,ခွင့်ပြုထားသော အခြားလမ်းဆုံ သို့မဟုတ် ပြန်လှည့်နေရာကို ရှာပါ,ဆိုင်ကယ်များသည် ဒီဆိုင်းဘုတ်မှ ကင်းလွတ်ခွင့်ရှိသောကြောင့် မည်သို့ပင်ဖြစ်စေ ပြန်လှည့်ပါ,အခြားယာဉ်များ မမြင်ရလျှင် ပြန်လှည့်နိုင်သည်,A,A 'No U-Turn' sign applies to all vehicles including motorcycles; the rider must find another legal point to turn around.,'ပြန်လှည့်ခွင့်မရှိ' ဆိုင်းဘုတ်သည် ဆိုင်ကယ်အပါအဝင် ယာဉ်အားလုံးအတွက် သက်ဆိုင်သောကြောင့် ယာဉ်မောင်းသူသည် ဥပဒေနှင့်ညီသော အခြားနေရာကို ရှာရမည်။,,,PENDING,
sg_rtt_0045,right_of_way_traffic_rules,,easy,What must a motorcyclist do before changing lanes?,လမ်းကြောပြောင်းမီ ဆိုင်ကယ်မောင်းသူ ဘာလုပ်ရမည်လဲ။,"Check mirrors and blind spots, signal, then move only when safe",Simply signal and change immediately,Sound the horn and change without checking mirrors,ကြေးမှန်နှင့် မျက်စိမမြင်ရသောနေရာများကို စစ်ဆေးပြီး အချက်ပြကာ ဘေးကင်းမှသာ ပြောင်းပါ,အချက်ပြရုံသာလုပ်ပြီး ချက်ချင်းပြောင်းပါ,ကြေးမှန်ကို မစစ်ဆေးဘဲ ဟွန်းတီးပြီး ပြောင်းပါ,A,"Safe lane changes require checking mirrors and blind spots, signalling intention, and only moving when it is clearly safe to do so.",ဘေးကင်းသော လမ်းကြောပြောင်းခြင်းအတွက် ကြေးမှန်နှင့် မျက်စိမမြင်ရသောနေရာများကို စစ်ဆေးပြီး ရည်ရွယ်ချက်ကို အချက်ပြကာ ဘေးကင်းရှင်းလင်းမှသာ ပြောင်းရမည်။,,,PENDING,
sg_rtt_0046,lane_filtering_positioning,,medium,What is the safest road position for a motorcycle when riding in the centre of a lane behind a car?,ကားတစ်စီးနောက်တွင် လမ်းကြောအလယ်၌ မောင်းနှင်သောအခါ ဆိုင်ကယ်အတွက် အဘေးကင်းဆုံးနေရာက ဘာလဲ။,"Slightly offset to one side to be visible in the car's mirror, while keeping a safe following distance",Directly behind the car as close as possible,It does not matter as long as speed is controlled,ကားကြေးမှန်တွင် မြင်နိုင်ရန် ဘက်တစ်ဖက်သို့ အနည်းငယ်ရွေ့လျား၍ ဘေးကင်းသောနောက်ခံအကွာအဝေးကို ထားရှိပါ,ကားနောက်ကျောမှ တတ်နိုင်သမျှ နီးကပ်စွာ,မြန်နှုန်းကို ထိန်းချုပ်ထားသမျှ မည်သည့်နေရာမှ အရေးမကြီးပါ,A,Riding directly behind a vehicle places the motorcycle in the driver's blind spot; positioning slightly to one side improves visibility in the car's mirrors and the rider's own view ahead.,ယာဉ်တစ်စီး၏ တိုက်ရိုက်နောက်ကျောတွင် မောင်းနှင်ခြင်းသည် ဆိုင်ကယ်ကို ယာဉ်မောင်းသူ၏ မျက်စိမမြင်ရသောနေရာတွင် ထားရှိစေသည်၊ ဘက်တစ်ဖက်သို့ အနည်းငယ်ရွေ့လျားထားခြင်းသည် ကားကြေးမှန်တွင် ပိုမြင်နိုင်စွမ်းရှိစေသည်။,,,PENDING,
sg_rtt_0047,lane_filtering_positioning,,easy,Lane filtering refers to what action by a motorcyclist?,လမ်းကြောဖြတ်ကျော်မောင်းနှင်ခြင်း (Lane filtering) ဆိုသည်မှာ ဆိုင်ကယ်မောင်းသူ၏ မည်သည့်လုပ်ဆောင်ချက်ကို ဆိုလိုသလဲ။,Riding between lanes of slow-moving or stationary traffic,Riding in a dedicated motorcycle-only lane,Overtaking on the right shoulder of an expressway,နှေးနှေးသွားနေသော သို့မဟုတ် ရပ်နားနေသော ယာဉ်လမ်းကြောများကြားမှ မောင်းနှင်ခြင်း,ဆိုင်ကယ်သီးသန့်လမ်းကြောတွင် မောင်းနှင်ခြင်း,အဝှေးလမ်းမ၏ ညာဘက်အစွန်းတွင် ကျော်တက်ခြင်း,A,"Filtering means a motorcycle moving through the gaps between lanes of slow or stopped traffic, which is risky and requires extra caution.",ဖြတ်ကျော်မောင်းနှင်ခြင်းဆိုသည်မှာ ဆိုင်ကယ်တစ်စီး နှေးနှေးသွားနေသော သို့မဟုတ် ရပ်နားနေသော ယာဉ်လမ်းကြောများကြားမှ ဖြတ်သန်းမောင်းနှင်ခြင်းဖြစ်ပြီး အန္တရာယ်ရှိသောကြောင့် အထူးသတိထားရန် လိုအပ်သည်။,,,PENDING,
sg_rtt_0048,lane_filtering_positioning,,medium,Why should a rider avoid filtering near a junction where vehicles may be turning?,ယာဉ်များ ကွေ့နိုင်သော လမ်းဆုံအနီးတွင် ဖြတ်ကျော်မောင်းနှင်ခြင်းကို ယာဉ်မောင်းသူ ဘာကြောင့် ရှောင်ကြဥ်သင့်သလဲ။,Turning vehicles may not see the motorcycle and could cut across its path,It is illegal to ride a motorcycle within 500 m of any junction,Filtering near junctions damages the road surface,ကွေ့နေသောယာဉ်များသည် ဆိုင်ကယ်ကို မမြင်နိုင်ဘဲ ဖြတ်ကျော်ကွေ့နိုင်သည်,လမ်းဆုံ ၅၀၀ မီတာအတွင်း ဆိုင်ကယ်မောင်းနှင်ခြင်း ဥပဒေနှင့်မညီ,လမ်းဆုံအနီးတွင် ဖြတ်ကျော်မောင်းနှင်ခြင်းသည် လမ်းမျက်နှာပြင်ကို ပျက်စီးစေသည်,A,"Near junctions, vehicles may turn suddenly across the rider's path without noticing a filtering motorcycle, creating a high collision risk.",လမ်းဆုံများအနီးတွင် ယာဉ်များသည် ဖြတ်ကျော်မောင်းနှင်နေသော ဆိုင်ကယ်ကို သတိမပြုဘဲ ရုတ်တရက် ဖြတ်ကွေ့နိုင်သောကြောင့် တိုက်မိနိုင်ခြေ မြင့်မားသည်။,,,PENDING,
sg_rtt_0049,lane_filtering_positioning,,easy,"When riding in heavy rain, why might a rider choose to avoid the centre of the lane?",မိုးကြီးချိန် မောင်းနှင်စဉ် ယာဉ်မောင်းသူသည် လမ်းကြောအလယ်ကို ဘာကြောင့် ရှောင်ကြဥ်ချင်သလဲ။,"Oil and rubber residue tend to accumulate in the centre, making it more slippery when wet",The centre of the lane is always reserved for buses,It is against the law to ride in the centre of any lane,ဆီနှင့် ရော်ဘာအညစ်အကြေးများသည် အလယ်တွင် စုစည်းတတ်ပြီး စိုစွတ်သောအခါ ပိုချော်လွယ်စေသည်,လမ်းကြောအလယ်သည် ဘတ်စ်ကားများအတွက်သာ အမြဲသီးသန့်ထားသည်,မည်သည့်လမ်းကြောအလယ်တွင်မဆို မောင်းနှင်ခြင်းသည် ဥပဒေနှင့်မညီ,A,"Oil and rubber build-up commonly collects in the centre of a lane from vehicle traffic, becoming especially slippery when mixed with rainwater.",ဆီနှင့် ရော်ဘာအညစ်အကြေးများသည် ယာဉ်အသွားအလာများကြောင့် လမ်းကြောအလယ်တွင် ပုံမှန်စုစည်းတတ်ပြီး မိုးရေနှင့် ရောစပ်သောအခါ အထူးချော်လွယ်စေသည်။,,,PENDING,
sg_rtt_0050,lane_filtering_positioning,,medium,"Before filtering past a long queue of stopped vehicles, what should a rider check first?",ရပ်နားနေသော ယာဉ်တန်းရှည်ကို ဖြတ်ကျော်မီ ယာဉ်မောင်းသူ ဦးစွာ ဘာကို စစ်ဆေးသင့်သလဲ။,Whether filtering is permitted there and if there is enough safe space between the vehicles,Only the colour of the vehicles in the queue,Whether the queue has more than ten vehicles,ထိုနေရာတွင် ဖြတ်ကျော်ခွင့်ရှိမရှိနှင့် ယာဉ်များကြားတွင် လုံလောက်သော ဘေးကင်းသည့်နေရာ ရှိမရှိ,ယာဉ်တန်းရှိ ယာဉ်များ၏ အရောင်ကိုသာ,ယာဉ်တန်းတွင် ယာဉ်ဆယ်စီးထက်ပိုမိုပါသလားကိုသာ,A,"Riders must confirm filtering is legal and safe in that location, with enough space to pass without risking contact with vehicles or oncoming traffic.",ယာဉ်မောင်းသူများသည် ထိုနေရာတွင် ဖြတ်ကျော်ခြင်းသည် ဥပဒေနှင့်ညီပြီး ဘေးကင်းကြောင်းနှင့် ယာဉ်များ သို့မဟုတ် ဆန့်ကျင်ဘက်ယာဉ်များနှင့် ထိမိနိုင်ခြေမရှိအောင် လုံလောက်သောနေရာရှိကြောင်း သေချာစစ်ဆေးရမည်။,,,PENDING,
sg_rtt_0051,lane_filtering_positioning,,hard,"While filtering, a car in the queue suddenly activates its left turn signal. What should the rider do?",ဖြတ်ကျော်မောင်းနှင်နေစဉ် ယာဉ်တန်းရှိကားတစ်စီးသည် ရုတ်တရက် ဘယ်ဘက်ကွေ့မီးပြရန် ဖွင့်လျှင် ယာဉ်မောင်းသူ ဘာလုပ်သင့်သလဲ။,"Slow down and be prepared to stop, anticipating the car may turn across the filtering path",Speed up to pass before the car begins turning,Ignore the signal since the car is stationary,ကားသည် ဖြတ်ကျော်နေသော လမ်းကြောင်းကို ဖြတ်ကွေ့နိုင်သည်ဟု မျှော်လင့်ပြီး မြန်နှုန်းလျှော့ကာ ရပ်ရန်အသင့်ပြင်ပါ,ကားက ကွေ့မီ ဖြတ်သွားရန် မြန်နှုန်းမြှင့်ပါ,ကားသည် ရပ်နားနေသောကြောင့် မီးပြကို ဂရုမစိုက်ပါ,A,A turn signal indicates the car may move into or across the filtering path soon; the rider should slow down and be ready to stop to avoid a collision.,ကွေ့မီးပြသည် ကားသည် မကြာမီ ဖြတ်ကျော်နေသော လမ်းကြောင်းသို့ ရွေ့လှားနိုင်ကြောင်း ညွှန်ပြသောကြောင့် ယာဉ်မောင်းသူသည် မတော်တဆမှု မဖြစ်စေရန် မြန်နှုန်းလျှော့ပြီး ရပ်ရန် အသင့်ပြင်ထားသင့်သည်။,,,PENDING,
sg_rtt_0052,lane_filtering_positioning,,easy,What is the recommended following distance behind a vehicle in normal dry conditions for a motorcyclist?,ပုံမှန်ခြောက်သွေ့သောအခြေအနေတွင် ယာဉ်တစ်စီးနောက်ကျောတွင် ဆိုင်ကယ်မောင်းသူအတွက် အကြံပြုထားသော နောက်ခံအကွာအဝေးက ဘာလဲ။,"At least a two-second gap, increased in poor conditions",As close as possible to save time,Exactly one motorcycle length regardless of speed,အနည်းဆုံး စက္ကန့်နှစ်စက္ကန့် အကွာအဝေး၊ အခြေအနေဆိုးသောအခါ ပိုမိုတိုးချဲ့ပါ,အချိန်ချွေတာရန် တတ်နိုင်သမျှနီးကပ်စွာ,မြန်နှုန်းမရွေး ဆိုင်ကယ်တစ်စီးအလျား အတိအကျ,A,A minimum two-second following gap gives a rider enough time to react and brake safely if the vehicle ahead stops suddenly.,အနည်းဆုံး စက္ကန့်နှစ်စက္ကန့် နောက်ခံအကွာအဝေးသည် ရှေ့ယာဉ် ရုတ်တရက်ရပ်လျှင် ယာဉ်မောင်းသူအား တုံ့ပြန်ပြီး ဘေးကင်းစွာ ဘရိတ်ကိုက်ရန် အချိန်လုံလောက်စွာ ပေးသည်။,,,PENDING,
sg_rtt_0053,lane_filtering_positioning,,medium,"When approaching a row of parked vehicles on the left, what lane position helps avoid being struck by a suddenly opened car door?",ဘယ်ဘက်ရှိ ရပ်နားထားသောယာဉ်တန်းကို ချဥ်းကပ်သောအခါ ရုတ်တရက်ဖွင့်လှစ်လာသော ကားတံခါးတွင် မထိမိရန် မည်သည့်လမ်းကြောနေရာက အကူအညီပေးသလဲ။,"Position further toward the right of the lane, away from the parked vehicles",Position as close as possible to the parked vehicles,Position does not matter if riding slowly,ရပ်နားထားသောယာဉ်များမှ ဝေးကွာစေရန် လမ်းကြောညာဘက်သို့ ပိုမိုနေရာယူပါ,ရပ်နားထားသောယာဉ်များနှင့် တတ်နိုင်သမျှနီးကပ်စွာ နေရာယူပါ,နှေးနှေးမောင်းလျှင် နေရာက အရေးမကြီးပါ,A,Riding further from parked cars creates a safety buffer in case a door opens suddenly or a pedestrian steps out between vehicles.,ရပ်နားထားသောကားများမှ ပိုဝေးကွာစွာ မောင်းနှင်ခြင်းသည် ရုတ်တရက် တံခါးဖွင့်လှစ်ခြင်း သို့မဟုတ် ယာဉ်များကြားမှ လူတစ်ဦး ထွက်လာခြင်းအတွက် ဘေးကင်းရေးနေရာလပ်တစ်ခု ဖန်တီးပေးသည်။,,,PENDING,
sg_rtt_0054,lane_filtering_positioning,,medium,What is a key reason to avoid riding in a heavy vehicle's blind spot for a long period?,ယာဉ်ကြီးတစ်စီး၏ မျက်စိမမြင်ရသောနေရာတွင် ကြာရှည်စွာ မောင်းနှင်ခြင်းကို ရှောင်ကြဥ်ရန် အဓိကအကြောင်းရင်းက ဘာလဲ။,The heavy vehicle's driver cannot see the motorcycle and may change lanes or turn without warning,It uses more fuel to ride beside a heavy vehicle,It is against the law to ride near any heavy vehicle,ယာဉ်ကြီးယာဉ်မောင်းသူသည် ဆိုင်ကယ်ကို မမြင်နိုင်ဘဲ သတိပေးချက်မပါဘဲ လမ်းကြောပြောင်း သို့မဟုတ် ကွေ့နိုင်သည်,ယာဉ်ကြီးဘေးတွင် မောင်းနှင်ခြင်းသည် လောင်စာဆီပိုသုံးသည်,ယာဉ်ကြီးအနီးတွင် မောင်းနှင်ခြင်းသည် ဥပဒေနှင့်မညီ,A,Heavy vehicles have large blind spots; staying in one for long increases the risk that the driver will not notice the motorcycle when manoeuvring.,ယာဉ်ကြီးများသည် ကျယ်ပြန့်သော မျက်စိမမြင်ရသောနေရာများရှိသောကြောင့် ထိုနေရာတွင် ကြာရှည်နေခြင်းသည် ယာဉ်မောင်းသူက ဆိုင်ကယ်ကို လှုပ်ရှားသောအခါ သတိမပြုနိုင်ခြေကို တိုးမြှင့်စေသည်။,,,PENDING,
sg_rtt_0055,lane_filtering_positioning,,easy,Why should a rider avoid riding in the gutter or extreme edge of the lane near the kerb?,ယာဉ်မောင်းသူသည် လမ်းကြောအစွန်း သို့မဟုတ် လမ်းဘေးရေမြောင်းအနီးတွင် မောင်းနှင်ခြင်းကို ဘာကြောင့် ရှောင်ကြဥ်သင့်သလဲ။,"Debris, drain covers, and uneven surfaces often collect there, increasing the risk of losing control",It is the fastest part of the lane to ride in,Riding there is always required by law,ထိုနေရာတွင် အညစ်အကြေး၊ စွန်ပြုစစင်အုပ်နှင့် မညီညွတ်သောမျက်နှာပြင်များ စုစည်းနေတတ်ပြီး ထိန်းချုပ်မှုဆုံးရှုံးနိုင်ခြေကို တိုးမြှင့်သည်,လမ်းကြောတွင် အမြန်ဆုံးမောင်းနှင်နိုင်သောအပိုင်းဖြစ်သည်,ထိုနေရာတွင် မောင်းနှင်ခြင်းကို ဥပဒေက အမြဲတမ်း တောင်းဆိုသည်,A,"The extreme edge of a lane often has debris, drain grates, and surface irregularities that can destabilise a motorcycle, especially when wet.",လမ်းကြောအစွန်းတွင် အညစ်အကြေး၊ စွန်ပြုစစင်အုပ်နှင့် မညီညွတ်သောမျက်နှာပြင်များ ရှိတတ်ပြီး အထူးသဖြင့် စိုစွတ်နေသောအခါ ဆိုင်ကယ်ကို မတည်ငြိမ်စေနိုင်သည်။,,,PENDING,
sg_rtt_0056,lane_filtering_positioning,,hard,"While filtering at low speed between two lanes, a gust of wind from a passing bus pushes the motorcycle slightly off line. What is the best response?",လမ်းကြောနှစ်ကြောင်းကြား နှေးနှေးဖြတ်ကျော်မောင်းနှင်နေစဉ် ဖြတ်သွားသော ဘတ်စ်ကားမှ လေတိုက်ခိုက်မှုကြောင့် ဆိုင်ကယ် အနည်းငယ်ရွေ့လျားသွားလျှင် အကောင်းဆုံးတုံ့ပြန်မှုက ဘာလဲ။,"Hold the handlebars firmly, maintain a steady speed, and gently correct the line",Brake hard immediately to regain control,Accelerate sharply to move past the wind zone quickly,လက်ကိုင်ကို ခိုင်ခိုင်ကိုင်ထားပြီး မြန်နှုန်းကို တည်ငြိမ်စွာထားကာ လမ်းကြောင်းကို ညင်သာစွာပြန်ညှိပါ,ထိန်းချုပ်မှုပြန်ရရန် ချက်ချင်းပြင်းထန်စွာ ဘရိတ်ကိုက်ပါ,လေဇုန်ကို မြန်မြန်ကျော်ဖြတ်ရန် ပြင်းထန်စွာ အရှိန်မြှင့်ပါ,A,Sudden braking or sharp acceleration while off-balance can cause loss of control; gently correcting the line while keeping a steady speed is safer.,ထိန်းချုပ်မှုမညီသောအခါ ရုတ်တရက် ဘရိတ်ကိုက်ခြင်း သို့မဟုတ် ပြင်းထန်စွာ အရှိန်မြှင့်ခြင်းသည် ထိန်းချုပ်မှုဆုံးရှုံးစေနိုင်သောကြောင့် မြန်နှုန်းတည်ငြိမ်စွာ ထားကာ လမ်းကြောင်းကို ညင်သာစွာ ပြန်ညှိခြင်းသည် ပိုဘေးကင်းသည်။,,,PENDING,
sg_rtt_0057,lane_filtering_positioning,,medium,"On a multi-lane road, which lane position generally gives a rider the best forward visibility of traffic and hazards?",လမ်းကြောအများရှိသောလမ်းတွင် ယာဉ်မောင်းသူအတွက် ယာဉ်အသွားအလာနှင့် အန္တရာယ်များကို အရှေ့ဘက်မှ အကောင်းဆုံးမြင်နိုင်စွမ်းပေးသော လမ်းကြောနေရာက ဘာလဲ။,"A position offset from directly behind other vehicles, allowing a clear view ahead",Directly behind the largest vehicle on the road,As far left as physically possible at all times,အခြားယာဉ်များ၏ တိုက်ရိုက်နောက်ကျောမှ ရွေ့လျားထားသော နေရာသည် ရှေ့ကို ကြည်လင်စွာမြင်နိုင်စေသည်,လမ်းပေါ်ရှိ အကြီးဆုံးယာဉ်၏ တိုက်ရိုက်နောက်ကျော,အချိန်တိုင်း ဘယ်ဘက်ဆုံးအထိ,A,Offsetting from directly behind other vehicles gives a rider a clearer sightline ahead to anticipate hazards earlier.,အခြားယာဉ်များ၏ တိုက်ရိုက်နောက်ကျောမှ ရွေ့လျားထားခြင်းသည် ယာဉ်မောင်းသူအား အန္တရာယ်များကို စောစီးစွာ ကြိုတင်မြင်နိုင်ရန် ကြည်လင်သော အမြင်ကို ပေးသည်။,,,PENDING,
sg_rtt_0058,lane_filtering_positioning,,easy,Is filtering through traffic permitted on Singapore expressways?,Singapore အဝှေးလမ်းမများတွင် ယာဉ်အသွားအလာကို ဖြတ်ကျော်မောင်းနှင်ခြင်းကို ခွင့်ပြုပါသလား။,Filtering between moving traffic lanes on expressways is dangerous and discouraged; riders should use lanes normally,Filtering is always safe at any speed on expressways,Filtering is only allowed for motorcycles over 400cc,အဝှေးလမ်းမများတွင် လှုပ်ရှားနေသော လမ်းကြောများကြား ဖြတ်ကျော်မောင်းနှင်ခြင်းသည် အန္တရာယ်ရှိပြီး အားမပေးသောကြောင့် ယာဉ်မောင်းသူများသည် လမ်းကြောများကို ပုံမှန်အသုံးပြုသင့်သည်,အဝှေးလမ်းမများတွင် မြန်နှုန်းမရွေး ဖြတ်ကျော်မောင်းနှင်ခြင်းသည် အမြဲဘေးကင်းသည်,ဖြတ်ကျော်မောင်းနှင်ခြင်းသည် 400cc အထက်ဆိုင်ကယ်များအတွက်သာ ခွင့်ပြုသည်,A,"At expressway speeds, filtering between moving lanes is far more dangerous than in slow city traffic, so riders should stay within a lane rather than weave between fast-moving vehicles.",အဝှေးလမ်းမအမြန်နှုန်းတွင် လှုပ်ရှားနေသော လမ်းကြောများကြား ဖြတ်ကျော်မောင်းနှင်ခြင်းသည် မြို့တွင်း နှေးနှေးယာဉ်အသွားအလာထက် အလွန်အန္တရာယ်ရှိသောကြောင့် ယာဉ်မောင်းသူများသည် မြန်နှုန်းမြင့်သော ယာဉ်များကြား ဖြတ်ကျော်မောင်းနှင်မည့်အစား လမ်းကြောတွင်းတွင်သာ ဆက်လက်နေသင့်သည်။,,,PENDING,
sg_rtt_0059,lane_filtering_positioning,,medium,"When stopping behind a car at a red light, where should a motorcyclist position the motorcycle?",မီးနီတွင် ကားနောက်ရပ်နားသောအခါ ဆိုင်ကယ်မောင်းသူသည် ဆိုင်ကယ်ကို မည်သည့်နေရာတွင် ထားရှိသင့်သလဲ။,"Slightly to one side and a safe distance back, with an escape route in mind",Directly touching the rear bumper of the car,As far left as possible regardless of road conditions,ဘက်တစ်ဖက်သို့ အနည်းငယ်ရွေ့လျားပြီး ဘေးကင်းသောအကွာအဝေးနှင့် ထွက်ပေါက်လမ်းကြောင်းကို စဉ်းစားထားပါ,ကား၏ နောက်ဘန်ဖာကို တိုက်ရိုက်ထိနေအောင်,လမ်းအခြေအနေမရွေး ဘယ်ဘက်ဆုံးအထိ,A,Stopping slightly offset and at a safe distance keeps the rider visible in the car's mirrors and provides space to manoeuvre if struck from behind.,ဘက်တစ်ဖက်သို့ အနည်းငယ်ရွေ့လျားပြီး ဘေးကင်းသောအကွာအဝေးနှင့် ရပ်နားခြင်းသည် ကားကြေးမှန်တွင် မြင်နိုင်စွမ်းရှိစေပြီး နောက်ကျောမှ ထိမိလျှင် ရွေ့လျားနိုင်သည့်နေရာ ရှိစေသည်။,,,PENDING,
sg_rtt_0060,lane_filtering_positioning,,hard,A rider is filtering and notices a pedestrian crossing between the stationary cars ahead. What is the correct response?,ဖြတ်ကျော်မောင်းနှင်နေသော ယာဉ်မောင်းသူသည် ရပ်နားနေသော ကားများကြားမှ လူတစ်ဦး ဖြတ်ကျော်နေသည်ကို တွေ့ရှိလျှင် မှန်ကန်သောတုံ့ပြန်မှုက ဘာလဲ။,Slow down or stop immediately and give way to the pedestrian,Sound the horn and continue filtering at the same speed,Swerve around the pedestrian without slowing down,ချက်ချင်း မြန်နှုန်းလျှော့ သို့မဟုတ် ရပ်ပြီး လူကို လမ်းဖယ်ပေးပါ,ဟွန်းတီးပြီး တူညီသောမြန်နှုန်းနှင့် ဖြတ်ကျော်မောင်းနှင်ဆက်လုပ်ပါ,မြန်နှုန်းမလျှော့ဘဲ လူကို ကွေ့ရှောင်ပါ,A,Pedestrians between stationary cars may be hidden from view until close; riders filtering must slow down or stop immediately to avoid hitting them.,ရပ်နားနေသော ကားများကြားမှ လူများသည် နီးကပ်မှသာ မြင်ရတတ်သောကြောင့် ဖြတ်ကျော်မောင်းနှင်နေသော ယာဉ်မောင်းသူသည် မထိခိုက်စေရန် ချက်ချင်း မြန်နှုန်းလျှော့ သို့မဟုတ် ရပ်ရမည်။,,,PENDING,
sg_rtt_0061,blind_spots_visibility,,easy,Why are motorcycles especially vulnerable to other drivers' blind spots?,ဆိုင်ကယ်များသည် အခြားယာဉ်မောင်းသူများ၏ မျက်စိမမြင်ရသောနေရာများတွင် အထူးထိခိုက်လွယ်ခြင်းမှာ ဘာကြောင့်လဲ။,Their smaller size makes them easy to miss in mirrors and shoulder checks,Motorcycles are required to ride only in blind spots,Motorcycles do not have working mirrors,ပိုသေးငယ်သောအရွယ်အစားကြောင့် ကြေးမှန်နှင့် ပခုံးလှည့်စစ်ဆေးမှုတွင် လွတ်ကျော်တတ်သည်,ဆိုင်ကယ်များသည် မျက်စိမမြင်ရသောနေရာများတွင်သာ မောင်းနှင်ရန် လိုအပ်သည်,ဆိုင်ကယ်များတွင် အလုပ်လုပ်သော ကြေးမှန်မရှိ,A,"A motorcycle's narrow profile can be easily hidden in a car or truck's mirror blind spots, so drivers may not notice it before changing lanes or turning.",ဆိုင်ကယ်၏ ကျဲသွယ်သောပုံသဏ္ဍာန်သည် ကား သို့မဟုတ် ထရပ်ကား၏ ကြေးမှန်မျက်စိမမြင်ရသောနေရာများတွင် လွယ်ကူစွာ ပျောက်ကွယ်နိုင်သောကြောင့် ယာဉ်မောင်းသူများသည် လမ်းကြောပြောင်း သို့မဟုတ် ကွေ့မီ မသတိမပြုနိုင်ပါ။,,,PENDING,
sg_rtt_0062,blind_spots_visibility,,medium,"What can a rider wear to improve visibility to other road users, especially at night?",ညဘက်တွင် အခြားလမ်းသုံးသူများက ပိုမြင်နိုင်ရန် ယာဉ်မောင်းသူသည် ဘာဝတ်ဆင်နိုင်သလဲ။,Reflective or brightly coloured riding gear,All-black gear with no reflective elements,Loose clothing with no specific colour requirement,အလင်းပြန်ဖြစ်သော သို့မဟုတ် တောက်ပသောအရောင်ပါ ယာဉ်မောင်းအထည်,အလင်းပြန်ပစ္စည်းမပါသော အနက်ရောင်အထည်,သီးသန့်အရောင်လိုအပ်ချက်မရှိသော ကျယ်သောအထည်,A,"Reflective or bright clothing greatly improves a rider's visibility to other drivers, especially in low light or at night.",အလင်းပြန် သို့မဟုတ် တောက်ပသောအထည်များသည် အထူးသဖြင့် အလင်းအနည်းငယ်သာရှိသောအချိန် သို့မဟုတ် ညဘက်တွင် အခြားယာဉ်မောင်းသူများ ပိုမြင်နိုင်စေသည်။,,,PENDING,
sg_rtt_0063,blind_spots_visibility,,medium,Why should a rider avoid lingering directly beside a large vehicle at a junction?,လမ်းဆုံတွင် ယာဉ်ကြီးတစ်စီးဘေးတွင် တိုက်ရိုက်ကြာရှည်ရပ်နားခြင်းကို ယာဉ်မောင်းသူ ဘာကြောင့် ရှောင်ကြဥ်သင့်သလဲ။,The driver may not see the motorcycle and could turn into its path,It is illegal to stop next to a large vehicle,Large vehicles always have right of way over motorcycles,ယာဉ်မောင်းသူသည် ဆိုင်ကယ်ကို မမြင်နိုင်ဘဲ ၎င်း၏လမ်းကြောင်းသို့ ကွေ့နိုင်သည်,ယာဉ်ကြီးတစ်စီးဘေးတွင် ရပ်နားခြင်းသည် ဥပဒေနှင့်မညီ,ယာဉ်ကြီးများသည် ဆိုင်ကယ်များအပေါ် အမြဲဦးစားပေးခွင့်ရှိသည်,A,Large vehicles have significant blind spots beside the cab; a rider positioned there may go unnoticed and be at risk if the vehicle turns.,ယာဉ်ကြီးများသည် ယာဉ်ဆာဘီးဘေးတွင် ကျယ်ပြန့်သော မျက်စိမမြင်ရသောနေရာများရှိသောကြောင့် ထိုနေရာရှိ ယာဉ်မောင်းသူကို သတိမပြုနိုင်ဘဲ ယာဉ်ကွေ့လျှင် အန္တရာယ်ရှိနိုင်သည်။,,,PENDING,
sg_rtt_0064,blind_spots_visibility,,easy,"Before changing lanes, in addition to checking the mirrors, what else should a rider do?",လမ်းကြောမပြောင်းမီ ကြေးမှန်ကို စစ်ဆေးခြင်းအပြင် ယာဉ်မောင်းသူ ဘာထပ်လုပ်ရမည်လဲ။,Perform a shoulder check (look over the shoulder) for the blind spot,Sound the horn loudly,Close the eyes briefly to focus,မျက်စိမမြင်ရသောနေရာအတွက် ပခုံးလှည့်ကြည့်ပါ,ဟွန်းကို ကျယ်လောင်စွာ တီးပါ,အာရုံစူးစိုက်ရန် မျက်စိကို ခေတ္တမှိတ်ပါ,A,Mirrors do not show everything; a shoulder check confirms whether a vehicle is hidden in the blind spot before changing lanes.,ကြေးမှန်များသည် အရာအားလုံးကို မပြသနိုင်ပါ၊ ပခုံးလှည့်စစ်ဆေးခြင်းသည် လမ်းကြောမပြောင်းမီ မျက်စိမမြင်ရသောနေရာတွင် ယာဉ်တစ်စီး ပျောက်ကွယ်နေပါသလားကို အတည်ပြုပေးသည်။,,,PENDING,
sg_rtt_0065,blind_spots_visibility,,hard,"A rider notices a car's right turn signal blinking while the car is in the lane to the rider's left, slightly ahead. What is the safest assumption?",ယာဉ်မောင်းသူ၏ ဘယ်ဘက်လမ်းကြောတွင် အနည်းငယ်ရှေ့ကရှိသော ကားတစ်စီး၏ ညာဘက်ကွေ့မီးပြ မှိတ်တုတ်နေသည်ကို တွေ့ရလျှင် အဘေးကင်းဆုံး ယူဆချက်က ဘာဖြစ်သလဲ။,"The car may move into the rider's lane soon, so the rider should be ready to adjust position or speed",The car will definitely stay in its current lane,Signal lights on cars have no bearing on motorcyclists,ကားသည် မကြာမီ ယာဉ်မောင်းသူ၏လမ်းကြောသို့ ရွေ့လှားလာနိုင်သောကြောင့် နေရာ သို့မဟုတ် မြန်နှုန်းကို ညှိရန် အသင့်ပြင်ထားသင့်သည်,ကားသည် လက်ရှိလမ်းကြောတွင် သေချာစွာ ဆက်နေမည်,ကား၏ မီးပြများသည် ဆိုင်ကယ်မောင်းသူများအတွက် မသက်ဆိုင်ပါ,A,A blinking turn signal warns that the car may change lanes into the rider's path; assuming the worst case and preparing to react keeps the rider safer.,ကွေ့မီးပြ မှိတ်တုတ်နေခြင်းသည် ကားသည် ယာဉ်မောင်းသူ၏ လမ်းကြောင်းသို့ လမ်းကြောပြောင်းနိုင်ကြောင်း သတိပေးသောကြောင့် အဆိုးဆုံးအခြေအနေကို ယူဆပြီး တုံ့ပြန်ရန် ပြင်ဆင်ထားခြင်းသည် ပိုဘေးကင်းသည်။,,,PENDING,
sg_rtt_0066,blind_spots_visibility,,easy,"What is the purpose of a motorcycle's tail light flashing brighter during hard braking, if equipped?",ဆိုင်ကယ်တွင် ပါရှိလျှင် ပြင်းထန်စွာ ဘရိတ်ကိုက်စဉ် နောက်မီးပိုတောက်ပစေခြင်း၏ ရည်ရွယ်ချက်က ဘာလဲ။,To alert following drivers more clearly that the motorcycle is slowing suddenly,To save battery power,To indicate the motorcycle is turning left,ဆိုင်ကယ် ရုတ်တရက်မြန်နှုန်းလျှော့နေကြောင်း နောက်ကလာသောယာဉ်မောင်းသူများကို ပိုရှင်းလင်းစွာ သတိပေးရန်,ဘက်ထရီစွမ်းအင်ချွေတာရန်,ဆိုင်ကယ် ဘယ်ဘက်ကွေ့နေကြောင်း ညွှန်ပြရန်,A,"A brighter or flashing brake light draws extra attention from following drivers during sudden braking, reducing the chance of a rear-end collision.",ပိုတောက်ပ သို့မဟုတ် မှိတ်တုတ်နေသော ဘရိတ်မီးသည် ရုတ်တရက် ဘရိတ်ကိုက်စဉ် နောက်ကလာသော ယာဉ်မောင်းသူများကို ပိုအာရုံစူးစိုက်စေပြီး နောက်ကျောမှ တိုက်မိနိုင်ခြေကို လျှော့ချသည်။,,,PENDING,
sg_rtt_0067,blind_spots_visibility,,medium,"When riding behind a bus that is about to depart from a bus stop, what should a rider be aware of?",ဘတ်စ်ကားမှတ်တိုင်မှ ထွက်ခွာတော့မည့် ဘတ်စ်ကားနောက်တွင် မောင်းနှင်စဉ် ယာဉ်မောင်းသူ ဘာကို သတိရှိသင့်သလဲ။,The bus may pull out suddenly and the driver may not see a motorcycle approaching,Buses always give way to motorcycles automatically,There is no risk since buses move slowly,ဘတ်စ်ကားသည် ရုတ်တရက် ထွက်နိုင်ပြီး ယာဉ်မောင်းသူသည် ချဥ်းကပ်လာသော ဆိုင်ကယ်ကို မမြင်နိုင်ပါ,ဘတ်စ်ကားများသည် ဆိုင်ကယ်များကို အလိုအလျောက် အမြဲလမ်းဖယ်ပေးသည်,ဘတ်စ်ကားများ နှေးနှေးသွားသောကြောင့် အန္တရာယ်လုံးဝမရှိ,A,Bus drivers checking mirrors before pulling out may not notice a smaller motorcycle; riders should keep distance and be ready to slow down or change position.,ထွက်ခွာမီ ကြေးမှန်ကို စစ်ဆေးနေသော ဘတ်စ်ကားယာဉ်မောင်းသူသည် ပိုသေးငယ်သော ဆိုင်ကယ်ကို မသတိမပြုနိုင်ပါ၊ ယာဉ်မောင်းသူများသည် အကွာအဝေးထားပြီး မြန်နှုန်းလျှော့ သို့မဟုတ် နေရာပြောင်းရန် အသင့်ပြင်ထားသင့်သည်။,,,PENDING,
sg_rtt_0068,blind_spots_visibility,,medium,What riding technique helps make a motorcycle more visible when approaching a junction with parked vehicles obstructing the view?,ရပ်နားထားသောယာဉ်များက အမြင်ကို ပိတ်ဆို့နေသော လမ်းဆုံသို့ ချဥ်းကပ်သောအခါ ဆိုင်ကယ်ကို ပိုမြင်နိုင်စေရန် မည်သည့်မောင်းနှင်ပညာက အကူအညီပေးသလဲ။,Moving slightly within the lane to create a sightline around the obstruction before proceeding,Closing the eyes momentarily to reduce glare,Accelerating past the parked vehicles quickly,ပိတ်ဆို့နေသောအရာပတ်လည် မြင်နိုင်ရန် ဆက်မသွားမီ လမ်းကြောအတွင်း အနည်းငယ်ရွေ့လျားပါ,အလင်းရောင်လျှော့ချရန် ခေတ္တမျက်စိမှိတ်ပါ,ရပ်နားထားသောယာဉ်များကို မြန်မြန်ဖြတ်ကျော်ပါ,A,Shifting position slightly within the lane gives the rider a better sightline around obstructions and also makes the motorcycle more visible to crossing traffic.,လမ်းကြောအတွင်း အနည်းငယ်ရွေ့လျားခြင်းသည် ယာဉ်မောင်းသူအား ပိတ်ဆို့နေသောအရာပတ်လည် ပိုကောင်းသော အမြင်ကိုပေးပြီး ဖြတ်ကျော်လာမည့် ယာဉ်များကိုလည်း ဆိုင်ကယ်ကို ပိုမြင်နိုင်စေသည်။,,,PENDING,
sg_rtt_0069,blind_spots_visibility,,easy,Why should a motorcyclist avoid wearing a dark-coloured helmet with no reflective markings at night?,ညဘက်တွင် အလင်းပြန်အမှတ်အသားမပါသော အရောင်နက်နေသော ဆောင်းထောက်ကို ယာဉ်မောင်းသူ ဝတ်ဆင်ခြင်းကို ဘာကြောင့် ရှောင်ကြဥ်သင့်သလဲ။,It reduces how visible the rider's head and silhouette are to other drivers,Dark helmets are illegal in Singapore,Dark helmets provide less protection structurally,ယာဉ်မောင်းသူ၏ ခေါင်းနှင့်ပုံသဏ္ဍာန်ကို အခြားယာဉ်မောင်းသူများ မြင်နိုင်စွမ်းကို လျှော့ချသည်,Singapore တွင် အရောင်နက်ဆောင်းထောက်များ ဥပဒေနှင့်မညီ,အရောင်နက်ဆောင်းထောက်များသည် ဖွဲ့စည်းပုံအားဖြင့် ကာကွယ်မှု နည်းသည်,A,"A dark, non-reflective helmet blends into the night background, making the rider's head and overall silhouette harder for other drivers to spot.",အရောင်နက်နေပြီး အလင်းမပြန်သော ဆောင်းထောက်သည် ညဘက်နောက်ခံနှင့် ရောစပ်သွားတတ်ပြီး အခြားယာဉ်မောင်းသူများ ယာဉ်မောင်းသူ၏ ခေါင်းနှင့်ပုံသဏ္ဍာန်ကို ပိုရှာဖွေရခက်စေသည်။,,,PENDING,
sg_rtt_0070,blind_spots_visibility,,hard,"While overtaking a slow-moving lorry, a rider should be most cautious of which blind spot zone?",နှေးနှေးသွားနေသော ကုန်တင်ကားကို ကျော်တက်နေစဉ် ယာဉ်မောင်းသူသည် မည်သည့် မျက်စိမမြင်ရသောနေရာအတွက် အထူးသတိထားသင့်သလဲ။,"The area directly beside and slightly behind the driver's cab, where the rider lingers longest during overtaking",The area directly in front of the lorry,There is no blind spot risk when overtaking a lorry,ကျော်တက်စဉ် ယာဉ်မောင်းသူ အကြာရှည်ဆုံးနေသော ယာဉ်မောင်းခန်းဘေးနှင့် အနည်းငယ်နောက်ကျောရှိနေရာ,ကုန်တင်ကား၏ တိုက်ရိုက်ရှေ့ရှိနေရာ,ကုန်တင်ကားကို ကျော်တက်ရာတွင် မျက်စိမမြင်ရသောနေရာ အန္တရာယ် လုံးဝမရှိ,A,The zone beside and slightly behind a lorry's cab is a major blind spot; riders should overtake decisively and not linger there.,ကုန်တင်ကား ယာဉ်မောင်းခန်းဘေးနှင့် အနည်းငယ်နောက်ကျောရှိနေရာသည် အဓိက မျက်စိမမြင်ရသောနေရာဖြစ်သောကြောင့် ယာဉ်မောင်းသူများသည် ဆုံးဖြတ်ချက်ပြတ်သားစွာ ကျော်တက်ပြီး ထိုနေရာတွင် ကြာရှည်မနေသင့်ပါ။,,,PENDING,
sg_rtt_0071,balance_cornering_hazards,,medium,What is the correct technique for braking while a motorcycle is leaning through a corner?,ဆိုင်ကယ်တစ်စီးသည် ကွေ့ချိုးတစ်ခုကို ယိမ်းကွေ့ဖြတ်နေစဉ် မှန်ကန်သော ဘရိတ်ကိုက်နည်းပညာက ဘာလဲ။,"Avoid hard braking while leaning; straighten up first, then brake if needed",Apply maximum front brake immediately while still leaning,Brake only with the rear brake regardless of lean angle,ယိမ်းကွေ့နေစဉ် ပြင်းထန်စွာ ဘရိတ်ကိုက်ခြင်းကို ရှောင်ပါ၊ လိုအပ်လျှင် ဦးစွာတည့်အောင်ထားပြီးမှ ဘရိတ်ကိုက်ပါ,ယိမ်းကွေ့နေဆဲတွင် ချက်ချင်း ရှေ့ဘရိတ်ကို အများဆုံးကိုက်ပါ,ယိမ်းထောင့်မရွေး နောက်ဘရိတ်ကိုသာ အသုံးပြုပါ,A,Braking hard while leaning reduces available tyre grip and can cause a skid or fall; it is safer to gradually straighten the motorcycle before braking firmly.,ယိမ်းကွေ့နေစဉ် ပြင်းထန်စွာ ဘရိတ်ကိုက်ခြင်းသည် တာယာ၏ ကိုက်ညီမှုကို လျှော့ချပြီး ချော်ချွတ် သို့မဟုတ် လဲကျနိုင်သောကြောင့် ဘရိတ်ပြင်းပြင်းမကိုက်မီ ဆိုင်ကယ်ကို တဖြည်းဖြည်း တည့်အောင်ထားခြင်းသည် ပိုဘေးကင်းသည်။,,,PENDING,
sg_rtt_0072,balance_cornering_hazards,,easy,What should a rider do with their eyes when going through a corner?,ကွေ့ချိုးကို ဖြတ်သန်းစဉ် ယာဉ်မောင်းသူသည် မျက်စိကို ဘယ်ဘက်သို့ ထားရှိသင့်သလဲ။,Look ahead through the corner toward where they want to go,Look down at the front wheel,Look at the edge of the road closest to them,သွားလိုသောဦးတည်ရာသို့ ကွေ့ချိုးကို ဖြတ်သန်း၍ ရှေ့ကိုကြည့်ပါ,ရှေ့ဘီးကို အောက်သို့ကြည့်ပါ,၎င်းတို့နှင့် နီးကပ်ဆုံး လမ်းအစွန်းကို ကြည့်ပါ,A,Looking through the corner toward the intended path helps the rider naturally steer along the correct line and maintain balance.,ရည်ရွယ်သောလမ်းကြောင်းသို့ ကွေ့ချိုးကို ဖြတ်သန်းကြည့်ခြင်းသည် ယာဉ်မောင်းသူအား မှန်ကန်သောလမ်းကြောင်းအတိုင်း သဘာဝအတိုင်း ထွန်းပိုက်ပြီး ညီမျှမှုကို ထိန်းသိမ်းနိုင်စေသည်။,,,PENDING,
sg_rtt_0073,balance_cornering_hazards,,medium,Why is loose gravel on the road particularly hazardous when cornering on a motorcycle?,ကွေ့ချိုးကို ဖြတ်သန်းစဉ် လမ်းပေါ်ရှိ ကျောက်စရစ်များသည် ဆိုင်ကယ်အတွက် အထူးအန္တရာယ်ရှိခြင်းမှာ ဘာကြောင့်လဲ။,"It reduces tyre grip suddenly, which can cause the wheels to slide out from under the rider",It only affects four-wheeled vehicles,It improves traction for motorcycle tyres,တာယာ၏ ကိုက်ညီမှုကို ရုတ်တရက်လျှော့ချနိုင်ပြီး ဆိုင်ကယ်ဘီးများ ချော်ချွတ်လမ်းဖယ်သွားနိုင်သည်,ဘီးလေးဘီးယာဉ်များကိုသာ ထိခိုက်စေသည်,ဆိုင်ကယ်တာယာအတွက် ကိုက်ညီမှုကို တိုးတက်စေသည်,A,"Gravel acts like small ball bearings under the tyres, suddenly reducing grip while leaning and increasing the risk of a slide or fall.",ကျောက်စရစ်များသည် ယိမ်းကွေ့နေစဉ် တာယာအောက်တွင် ဘောလ်ဘယ်ရင်အသေးလေးများကဲ့သို့ လုပ်ဆောင်ပြီး ရုတ်တရက် ကိုက်ညီမှုလျှော့ချကာ ချော်ချွတ် သို့မဟုတ် လဲကျနိုင်ခြေကို တိုးမြှင့်စေသည်။,,,PENDING,
sg_rtt_0074,balance_cornering_hazards,,easy,What riding technique helps maintain stability and control while cornering on a motorcycle?,ဆိုင်ကယ်ဖြင့် ကွေ့ချိုးကိုဖြတ်သန်းစဉ် တည်ငြိမ်မှုနှင့်ထိန်းချုပ်မှုကို ထိန်းသိမ်းရန် မည်သည့်မောင်းနှင်ပညာက အကူအညီပေးသလဲ။,"Slow down before the corner, then maintain a steady, smooth throttle through the turn",Accelerate hard right at the start of the corner,Brake hard in the middle of the corner,ကွေ့ချိုးမတိုင်မီ မြန်နှုန်းလျှော့ပြီး ကွေ့ချိုးကိုဖြတ်သန်းစဉ် ဂတ်စ်ကို တည်ငြိမ်ညင်သာစွာ ထိန်းထားပါ,ကွေ့ချိုးအစတွင် ပြင်းထန်စွာ အရှိန်မြှင့်ပါ,ကွေ့ချိုးအလယ်တွင် ပြင်းထန်စွာ ဘရိတ်ကိုက်ပါ,A,"Reducing speed before entering a corner and keeping smooth, steady throttle through the turn helps maintain tyre grip and balance.",ကွေ့ချိုးမဝင်မီ မြန်နှုန်းလျှော့ပြီး ကွေ့ချိုးကို ဖြတ်သန်းစဉ် ဂတ်စ်ကို ညင်သာတည်ငြိမ်စွာထားခြင်းသည် တာယာကိုက်ညီမှုနှင့် ညီမျှမှုကို ထိန်းသိမ်းနိုင်စေသည်။,,,PENDING,
sg_rtt_0075,balance_cornering_hazards,,hard,A rider enters a corner faster than expected and realises mid-turn they are running wide toward the opposite lane. What is the safest correction?,ယာဉ်မောင်းသူသည် မျှော်မှန်းထားသည်ထက် ပိုမြန်စွာ ကွေ့ချိုးသို့ ဝင်ပြီး ကွေ့ဆဲတွင် ဆန့်ကျင်ဘက်လမ်းကြောသို့ ကျယ်ကျယ်ထွက်နေကြောင်း သတိရလျှင် အဘေးကင်းဆုံး ပြုပြင်ချက်က ဘာဖြစ်သလဲ။,"Look further into the corner, gently lean more, and avoid sudden braking",Brake hard with the front brake immediately,Stand up on the footpegs and accelerate straight,ကွေ့ချိုးအတွင်းသို့ ပိုကြည့်ပြီး ညင်သာစွာ ပိုယိမ်းကာ ရုတ်တရက် ဘရိတ်ကိုက်ခြင်းကို ရှောင်ပါ,ချက်ချင်း ရှေ့ဘရိတ်ကို ပြင်းပြင်းကိုက်ပါ,ခြေတင်ထောက်ပေါ်တွင် မတ်တပ်ရပ်ပြီး တည့်တည့် အရှိန်မြှင့်ပါ,A,Looking further into the corner and gently increasing lean angle helps tighten the line; sudden hard braking mid-corner can cause loss of traction and a crash.,ကွေ့ချိုးအတွင်းသို့ ပိုကြည့်ပြီး ညင်သာစွာ ယိမ်းထောင့်ကို တိုးမြှင့်ခြင်းသည် လမ်းကြောင်းကို ပိုကျဥ်းစေသည်၊ ကွေ့ဆဲတွင် ရုတ်တရက် ပြင်းထန်စွာ ဘရိတ်ကိုက်ခြင်းသည် ကိုက်ညီမှုဆုံးရှုံးပြီး တိုက်မိနိုင်ခြေရှိသည်။,,,PENDING,
sg_rtt_0076,balance_cornering_hazards,,medium,Why should a rider reduce speed before crossing railway tracks or metal road plates at an angle?,သံချပ် သို့မဟုတ် မြေအောက်ရထားလမ်းကြောင်းကို ထောင့်ဖြတ်ကျော်မီ ယာဉ်မောင်းသူ ဘာကြောင့် မြန်နှုန်းလျှော့သင့်သလဲ။,"Smooth metal surfaces reduce tyre grip and can destabilise the motorcycle, especially if crossed at a sharp angle",It is required by law to stop completely at every metal plate,Metal surfaces always damage motorcycle tyres permanently,ချောမွတ်သောသတ္တုမျက်နှာပြင်များသည် တာယာကိုက်ညီမှုကို လျှော့ချပြီး အထူးသဖြင့် ထောင့်ကျဉ်းစွာဖြတ်ကျော်လျှင် ဆိုင်ကယ်ကို မတည်ငြိမ်စေနိုင်သည်,သတ္တုချပ်တိုင်းတွင် လုံးဝရပ်ရန် ဥပဒေက တောင်းဆိုသည်,သတ္တုမျက်နှာပြင်များသည် ဆိုင်ကယ်တာယာများကို အမြဲထာဝစဉ်ပျက်စီးစေသည်,A,"Smooth, often slippery metal surfaces offer less grip than asphalt; crossing at a steep angle increases the chance of the front wheel sliding.",ချောမွတ်ပြီး ပုံမှန်ချော်လွယ်သော သတ္တုမျက်နှာပြင်များသည် ကတ္တရာထက် ကိုက်ညီမှု နည်းသောကြောင့် ထောင့်စောက်စွာ ဖြတ်ကျော်ခြင်းသည် ရှေ့ဘီးချော်ချွတ်နိုင်ခြေကို တိုးမြှင့်သည်။,,,PENDING,
sg_rtt_0077,balance_cornering_hazards,,easy,What body position helps a rider maintain better balance and control while cornering?,ကွေ့ချိုးကိုဖြတ်သန်းစဉ် ပိုကောင်းသော ညီမျှမှုနှင့် ထိန်းချုပ်မှုကို ထိန်းသိမ်းရန် မည်သည့်ကိုယ်ထားနေရာက အကူအညီပေးသလဲ။,A relaxed grip on the handlebars with the body looking and leaning naturally with the motorcycle,Gripping the handlebars as tightly as possible at all times,Leaning the body opposite to the direction of the turn,လက်ကိုင်ကို တင်းကြပ်စွာမကိုင်ဘဲ ဆိုင်ကယ်နှင့်အတူ သဘာဝအတိုင်း ကြည့်ပြီး ယိမ်းကွေ့သော ကိုယ်ထားနေရာ,လက်ကိုင်ကို အချိန်တိုင်း တတ်နိုင်သမျှတင်းကြပ်စွာကိုင်ပါ,ကွေ့ချိုးဦးတည်ရာနှင့် ဆန့်ကျင်ဘက်သို့ ကိုယ်ကိုယိမ်းပါ,A,"A relaxed grip allows the motorcycle to respond naturally, while looking and leaning with the bike through the turn helps maintain balance and a smooth line.",ပေါ့ပေါ့ကိုင်ထားခြင်းသည် ဆိုင်ကယ်ကို သဘာဝအတိုင်း တုံ့ပြန်နိုင်စေပြီး ဆိုင်ကယ်နှင့်အတူ ကွေ့ချိုးကိုဖြတ်သန်းစဉ် ကြည့်ပြီးယိမ်းကွေ့ခြင်းသည် ညီမျှမှုနှင့် ညင်သာသောလမ်းကြောင်းကို ထိန်းသိမ်းနိုင်စေသည်။,,,PENDING,
sg_rtt_0078,balance_cornering_hazards,,hard,"Approaching a downhill corner with a decreasing radius (the corner gets sharper), what is the correct approach?",ထောင့်ရှင်းလာသော (ကွေ့ချိုးက ပိုစောက်လာသော) တောင်ကုန်းအောက်ကွေ့ချိုးသို့ ချဥ်းကပ်သောအခါ မှန်ကန်သော နည်းလမ်းက ဘာလဲ။,"Brake before entering, then enter slower than usual to allow margin for the tightening curve",Enter at normal speed and accelerate through the apex,Brake hard in the middle of the corner once it tightens,ဝင်မီ ဘရိတ်ကိုက်ပြီး ကျဥ်းလာသောကွေ့ချိုးအတွက် နေရာချန်ထားရန် ပုံမှန်ထက်နှေးနှေးဝင်ပါ,ပုံမှန်မြန်နှုန်းနှင့်ဝင်ပြီး အလယ်ကွေ့ချက်တွင် အရှိန်မြှင့်ပါ,ကွေ့ချိုးကျဥ်းလာသောအခါ အလယ်တွင် ပြင်းထန်စွာ ဘရိတ်ကိုက်ပါ,A,"Decreasing-radius corners get sharper as you go; braking before entry and taking a slower, conservative entry speed leaves margin to tighten the line safely without mid-corner braking.",ထောင့်ရှင်းလာသောကွေ့ချိုးများသည် ဆက်သွားသည်နှင့်အမျှ ပိုစောက်လာသောကြောင့် ဝင်မီဘရိတ်ကိုက်ပြီး သတိနှင့်နှေးသောမြန်နှုန်းနှင့်ဝင်ခြင်းသည် ကွေ့ချိုးအလယ်တွင် ဘရိတ်မကိုက်ဘဲ ဘေးကင်းစွာ လမ်းကြောင်းကျဥ်းနိုင်ရန် နေရာချန်ပေးသည်။,,,PENDING,
sg_rtt_0079,balance_cornering_hazards,,medium,Painted road markings such as arrows or lane lines can become a hazard for motorcycles when cornering because they are often what?,မြှားများ သို့မဟုတ် လမ်းကြောမျဉ်းများကဲ့သို့ ပန်းချီအမှတ်အသားများသည် ကွေ့ချိုးတွင် ဆိုင်ကယ်များအတွက် အန္တရာယ်ဖြစ်လာသည်မှာ ၎င်းတို့သည် မည်သို့ဖြစ်တတ်ခြင်းကြောင့်လဲ။,"Smoother and more slippery than the surrounding road surface, especially when wet",Higher in elevation than the rest of the road,Always located on the outside of every corner,ပတ်ဝန်းကျင်လမ်းမျက်နှာပြင်ထက် ပိုချောမွတ်ပြီး အထူးသဖြင့် စိုစွတ်နေသောအခါ ပိုချော်လွယ်သည်,လမ်းအခြားအပိုင်းထက် အမြင့်ပိုများသည်,ကွေ့ချိုးတိုင်း၏ အပြင်ဘက်တွင် အမြဲတည်ရှိသည်,A,"Painted markings often have a smoother texture than asphalt and become especially slippery when wet, reducing tyre grip while leaning through a turn.",ပန်းချီအမှတ်အသားများသည် ကတ္တရာထက် ပိုချောမွတ်သောအနေအထားရှိတတ်ပြီး စိုစွတ်နေသောအခါ အထူးချော်လွယ်ကာ ကွေ့ချိုးကို ယိမ်းကွေ့စဉ် တာယာကိုက်ညီမှုကို လျှော့ချသည်။,,,PENDING,
sg_rtt_0080,balance_cornering_hazards,,medium,"When riding two-up (with a pillion) through corners, how does the extra weight typically affect the motorcycle's handling?",ကွေ့ချိုးများကို နောက်ကုန်တင်(ပီလီယွန်)နှင့်အတူ မောင်းနှင်သောအခါ အပိုဝန်သည် ဆိုင်ကယ်၏ ကိုင်တွယ်မှုကို ပုံမှန်အားဖြင့် မည်သို့ ထိခိုက်စေသလဲ။,"It increases stopping distance and changes balance, requiring earlier braking and gentler lean angles",It has no effect on handling at any speed,"It allows for sharper, faster cornering than riding solo",ရပ်တန့်ရန် အကွာအဝေးကို တိုးစေပြီး ညီမျှမှုကို ပြောင်းလဲစေသောကြောင့် စောစီးစွာဘရိတ်ကိုက်ခြင်းနှင့် ညင်သာသောယိမ်းထောင့်များ လိုအပ်သည်,မြန်နှုန်းမရွေး ကိုင်တွယ်မှုအပေါ် ထိခိုက်မှု လုံးဝမရှိ,တစ်ဦးတည်းမောင်းနှင်ခြင်းထက် ပိုမြန်ပြီးပိုစောက်စွာ ကွေ့နိုင်စေသည်,A,"Extra weight from a pillion increases momentum and changes the bike's centre of gravity, so riders should brake earlier and corner more gently than when riding solo.",ပီလီယွန်မှ အပိုဝန်သည် လှုပ်ရှားအား(momentum)ကို တိုးစေပြီး ဆိုင်ကယ်၏ ဂရက်ဗီတီအလယ်ချက်ကို ပြောင်းလဲစေသောကြောင့် ယာဉ်မောင်းသူများသည် တစ်ဦးတည်းမောင်းနှင်ချိန်ထက် စောစီးစွာဘရိတ်ကိုက်ပြီး ပိုညင်သာစွာ ကွေ့သင့်သည်။,,,PENDING,
sg_rtt_0081,weather_road_surface_hazards,,medium,Why is a painted lane marking or metal manhole cover especially hazardous for a motorcycle in the rain?,မိုးထဲတွင် ဆိုင်ကယ်အတွက် ပန်းချီရေးသား လမ်းကြောင်းအမှတ်အသား သို့မဟုတ် သံပြားလျှောထောင့်ဖုံး အထူးအန္တရာယ်ရှိသည် ဘာကြောင့်လဲ။,These surfaces become very slippery when wet and can cause the wheels to lose grip suddenly,"They only affect car tyres, not motorcycle tyres",They are only a problem at night,ဒီမျက်နှာပြင်များသည် စွတ်စိုသွားချိန် အလွန်ချော်လိမ့်လာပြီး ဘီးများ ရုတ်တရက် ကိုက်မှုပျောက်စေနိုင်သည်,ကားဘီးများကိုသာ ထိခိုက်ပြီး ဆိုင်ကယ်ဘီးများကို မထိခိုက်ပါ,ညအချိန်တွင်သာ ပြသနာဖြစ်သည်,A,Paint and metal surfaces offer much less grip than tarmac when wet; a rider should avoid leaning or braking heavily while crossing them.,ပန်းချီနှင့် သံပြားမျက်နှာပြင်များသည် စွတ်စိုချိန် ကတ္တရာလမ်းထက် ကိုက်မှုနည်းပါးသည် — ဖြတ်သန်းချိန် အလိုက်မညိမ့်ဘဲ သို့မဟုတ် ပြင်းပြင်းဘရိတ်မနှိပ်ဘဲ ရှောင်ရှားသင့်သည်။,,,PENDING,
sg_rtt_0082,weather_road_surface_hazards,,easy,What should a rider do when riding through a puddle or pool of standing water of unknown depth?,အနက်မသိသော ရေအိုင် သို့မဟုတ် ရေတိုက်ခြင်းကို ဖြတ်သန်းချိန် ယာဉ်မောင်းသူ ဘာလုပ်သင့်သလဲ။,"Slow down and, if possible, avoid it or pass through slowly and steadily",Accelerate quickly to get through before losing balance,Brake hard while inside the puddle,အရှိန်လျှော့ပြီး၊ ဖြစ်နိုင်ပါက ရှောင်ရှားပါ သို့မဟုတ် နှေးနှေးနှင့် တည်ငြိမ်စွာ ဖြတ်သွားပါ,ဟန်ချက်မပျောက်မီ မြန်မြန်ဖြတ်ရန် အရှိန်တိုးပါ,ရေအိုင်အတွင်းရှိနေချိန် ပြင်းပြင်းဘရိတ်နှိပ်ပါ,A,Unknown standing water may hide potholes or be deeper than expected; slowing down and avoiding sudden braking or acceleration reduces the risk of losing control.,အနက်မသိသော ရေတိုက်ခြင်းသည် ရေပူပေါ်များကို ဖျောက်ထားနိုင် သို့မဟုတ် မျှော်လင့်ထားသည်ထက် နက်နိုင်သည် — အရှိန်လျှော့ပြီး ရုတ်တရက်ဘရိတ်/အရှိန်တိုးမှု ရှောင်ရှားခြင်းသည် ထိန်းချုပ်မှုလွတ်နိုင်ခြေကို လျှော့ချသည်။,,,PENDING,
sg_rtt_0083,weather_road_surface_hazards,,medium,Why are loose gravel or sand patches particularly dangerous for motorcycles?,ကျောက်စရစ် သို့မဟုတ် သဲလွတ်ကျိုးများသော နေရာများသည် ဆိုင်ကယ်များအတွက် အထူးအန္တရာယ်ရှိသည် ဘာကြောင့်လဲ။,"They reduce tyre grip significantly and can cause a sudden slide, especially while turning",They have no effect on two-wheeled vehicles,They only matter for very heavy motorcycles,ဘီးကိုက်မှုကို သိသိသာသာ လျော့ချပြီး အထူးသဖြင့် ကွေ့နေချိန် ရုတ်တရက် ချော်လိမ့်စေနိုင်သည်,ဘီးနှစ်ခုပါ ယာဉ်များကို မထိခိုက်ပါ,အလေးချိန်များသော ဆိုင်ကယ်များအတွက်သာ အရေးကြီးသည်,A,"Loose gravel or sand reduces the contact patch grip of a motorcycle tyre much more than for a four-wheeled vehicle, so riders should slow down and avoid sudden lean angles on such surfaces.",ကျောက်စရစ် သို့မဟုတ် သဲလွတ်များသည် ဆိုင်ကယ်ဘီး၏ ကိုက်မှုကို ဘီးလေးလေးထက် များစွာ လျော့ချသည် — ထို့ကြောင့် ယာဉ်မောင်းသူများသည် ထိုမျက်နှာပြင်များတွင် အရှိန်လျှော့ပြီး ရုတ်တရက် ညိမ့်ခြင်းကို ရှောင်ရှားသင့်သည်။,,,PENDING,
sg_rtt_0084,weather_road_surface_hazards,,hard,"In strong gusty crosswinds (e.g. when passing a gap between buildings), what should a rider do?",အင်အားကြီး လေတိုက်ထောင့်လေများ (ဥပမာ အဆောက်အအုံများကြားမှ ဖြတ်သန်းချိန်) ၌ ယာဉ်မောင်းသူ ဘာလုပ်သင့်သလဲ။,"Reduce speed, keep a firm grip, and be ready for a sudden push from the wind",Increase speed to pass through the gust quickly,Lean away from the wind direction at all times,အမြန်နှုန်းလျှော့ပြီး၊ ဘီးကို လက်တင်းကိုင်ထားကာ၊ လေမှ ရုတ်တရက်တွန်းအားအတွက် အသင့်ထားပါ,လေတိုက်နေသောနေရာကို မြန်မြန်ဖြတ်ရန် အရှိန်တိုးပါ,လေတိုက်ရာဘက်နှင့် ဆန့်ကျင်ဖက်သို့ အမြဲတမ်း ညိမ့်ထားပါ,A,"Sudden gusts (common near building gaps) can push a motorcycle sideways without warning; slowing down and keeping a firm, ready grip helps the rider correct course quickly and safely.",ရုတ်တရက် လေတိုက်ခြင်း (အဆောက်အအုံကြားများတွင် တွေ့ရှိရတတ်) သည် ဆိုင်ကယ်ကို သတိပေးမှုမရှိဘဲ ဘေးတိုက်ပို့နိုင်သည် — အရှိန်လျှော့ပြီး လက်တင်း၊ အသင့်ကိုင်ထားခြင်းသည် ယာဉ်မောင်းသူအား လမ်းကြောင်းကို မြန်မြန်နှင့် ဘေးကင်းစွာ ပြန်ညှိနိုင်စေသည်။,,,PENDING,
sg_rtt_0085,weather_road_surface_hazards,,medium,Why is the first 10-15 minutes of rainfall often the most slippery time to ride?,မိုးစတင်ရွာသွန်းချိန် ပထမ ၁၀-၁၅ မိနစ်သည် ယာဉ်မောင်းရန် အချော်လိမ့်ဆုံးအချိန် ဖြစ်တတ်သည် ဘာကြောင့်လဲ။,"Rain mixes with accumulated oil and dust on the road surface, creating a very slippery film before it washes away",The road actually has more grip when first wet,"This only affects cars, not motorcycles",မိုးရေသည် လမ်းမျက်နှာပြင်ပေါ်ရှိ စုပုံနေသော ဆီနှင့် မြူများနှင့် ရောနှောကာ ဖျောက်မသွားမီ အလွန်ချော်လိမ့်သော အလွှာကို ဖြစ်စေသည်,လမ်းသည် ပထမစွတ်စိုချိန် ကိုက်မှု ပိုများသည်,ကားများကိုသာ ထိခိုက်ပြီး ဆိုင်ကယ်များကို မထိခိုက်ပါ,A,"Accumulated oil and grime mix with the first rain to form a slick film on the road; riders should be extra cautious in the first minutes of rain, especially when braking or cornering.",စုပုံနေသော ဆီနှင့် ညစ်ပတ်မှုများသည် ပထမမိုးနှင့် ရောနှောကာ လမ်းပေါ်တွင် ချော်လိမ့်သော အလွှာကို ဖြစ်စေသည် — ယာဉ်မောင်းသူများသည် မိုးရွာစချိန် ပထမမိနစ်များတွင် အထူးသတိထားသင့်သည်၊ အထူးသဖြင့် ဘရိတ်နှိပ်ချိန် သို့မဟုတ် ကွေ့ချိန်။,,,PENDING,
sg_rtt_0086,weather_road_surface_hazards,,easy,What is the safest action if a sudden heavy downpour severely reduces visibility while riding?,ဆိုင်ကယ်မောင်းနှင်နေချိန် ရုတ်တရက် မိုးသည်းထန်စွာ ရွာသွန်းကာ မြင်နိုင်စွမ်းကို ပြင်းထန်စွာ လျော့ကျစေလျှင် ဘေးကင်းဆုံးလုပ်ဆောင်ချက်က ဘာဖြစ်သလဲ။,"Find a safe, sheltered place to stop until visibility improves",Continue at the same speed regardless of visibility,Remove the helmet visor to see better,မြင်နိုင်စွမ်းပြန်ကောင်းသည့်အထိ ဘေးကင်းသော ခိုလှုံနေရာတွင် ရပ်နားပါ,မြင်နိုင်စွမ်းမည်သို့ပင်ရှိစေ ထိုအမြန်နှုန်းအတိုင်း ဆက်သွားပါ,ပိုမြင်ရန် ဦးထုပ်မျက်နှာစောင်းကို ဖြုတ်ပါ,A,"When visibility drops severely, the safest choice is to stop at a sheltered spot rather than continuing to ride with poor visibility, which sharply raises accident risk.",မြင်နိုင်စွမ်း ပြင်းထန်စွာ ကျဆင်းချိန် ဘေးကင်းဆုံးရွေးချယ်မှုမှာ မြင်နိုင်စွမ်းညံ့ဖျင်းစွာ ဆက်မောင်းခြင်းထက် ခိုလှုံနေရာတွင် ရပ်နားခြင်းဖြစ်သည် — ဆက်မောင်းခြင်းသည် မတော်တဆမှုဖြစ်နိုင်ခြေကို သိသိသာသာ တိုးစေသည်။,,,PENDING,
sg_rtt_0087,weather_road_surface_hazards,,medium,Why should a rider increase following distance behind a heavy vehicle during rain?,မိုးရွာချိန် ယာဉ်ကြီးတစ်စီးနောက်တွင် နောက်လိုက်အကွာအဝေးကို တိုးသင့်သည် ဘာကြောင့်လဲ။,Spray from its tyres can reduce visibility and braking distances increase on wet roads,"Heavy vehicles brake faster than motorcycles, so distance can be reduced",Following distance does not matter in the rain,ထိုယာဉ်၏ ဘီးများမှ ရေပန်းသည် မြင်နိုင်စွမ်းကို လျော့ချနိုင်ပြီး စွတ်စိုသောလမ်းများတွင် ဘရိတ်ရပ်ရန်အကွာအဝေးလည်း တိုးလာသည်,ယာဉ်ကြီးများသည် ဆိုင်ကယ်ထက် ပိုမြန်စွာဘရိတ်ရပ်သောကြောင့် အကွာအဝေးကို လျှော့ချနိုင်သည်,မိုးရွာချိန် နောက်လိုက်အကွာအဝေးသည် အရေးမကြီးပါ,A,"Tyre spray from heavy vehicles reduces a rider's visibility, and wet roads increase stopping distances for everyone — both reasons call for extra following distance.",ယာဉ်ကြီးများမှ ဘီးရေပန်းသည် ယာဉ်မောင်းသူ၏ မြင်နိုင်စွမ်းကို လျော့ချပြီး၊ စွတ်စိုသောလမ်းများသည် လူတိုင်းအတွက် ရပ်ရန်အကွာအဝေးကို တိုးစေသည် — ဒီနှစ်ချက်ကြောင့် နောက်လိုက်အကွာအဝေး ပိုမိုလိုအပ်သည်။,,,PENDING,
sg_rtt_0088,weather_road_surface_hazards,,hard,"On a hot day, why might road tar feel different to ride over compared to a cooler day?",နေပူသောနေ့တွင် လမ်းကတ္တရာသည် အေးသောနေ့နှင့် နှိုင်းယှဉ်ပါက ယာဉ်မောင်းနှင်ရန် ကွဲပြားသော ခံစားမှုဖြစ်နိုင်သည် ဘာကြောင့်လဲ။,"Tar can soften and become slightly sticky or uneven, subtly affecting tyre grip and handling",Heat always makes the road perfectly grippy with no change,"Tar only changes colour, never texture",ကတ္တရာသည် နူးညံ့သွားကာ ကပ်ငြိနေခြင်း သို့မဟုတ် မညီမညွတ်ဖြစ်နိုင်ပြီး ဘီးကိုက်မှုနှင့် ကိုင်တွယ်မှုကို သိသိသိမသိ ထိခိုက်စေသည်,အပူသည် လမ်းကို အမြဲတမ်း ကိုက်မှုပြည့်ဝစေပြီး ပြောင်းလဲမှုမရှိပါ,ကတ္တရာသည် အရောင်ကိုသာ ပြောင်းလဲပြီး အသွင်အပြင်ကို ဘယ်တော့မှ မပြောင်းလဲပါ,A,"Softened tar in extreme heat can subtly change grip and create uneven patches, especially on poorly maintained roads — riders should stay alert to handling changes.",အလွန်အကျွံပူနွေးချိန် နူးညံ့သွားသော ကတ္တရာသည် ကိုက်မှုကို သိသိသိမသိ ပြောင်းလဲစေပြီး အထူးသဖြင့် ပြုပြင်ထိန်းသိမ်းမှု နည်းသောလမ်းများတွင် မညီမညွတ်နေရာများ ဖြစ်စေနိုင်သည် — ယာဉ်မောင်းသူများသည် ကိုင်တွယ်မှုပြောင်းလဲချက်များကို သတိထားသင့်သည်။,,,PENDING,
sg_rtt_0089,weather_road_surface_hazards,,medium,What additional risk do fallen leaves or wet leaf litter on the road create for a rider?,လမ်းပေါ်ရှိ ကျသွားသော သစ်ရွက်များ သို့မဟုတ် စွတ်စိုနေသော သစ်ရွက်အစများသည် ယာဉ်မောင်းသူအတွက် ဘာအန္တရာယ် ထပ်ဆောင်းဖြစ်စေသလဲ။,Wet leaves can be as slippery as ice and hide the actual road surface underneath,Leaves improve tyre grip,"Leaves only affect bicycles, not motorcycles",စွတ်စိုနေသော သစ်ရွက်များသည် ရေခဲကဲ့သို့ ချော်လိမ့်နိုင်ပြီး အောက်ရှိ လမ်းမျက်နှာပြင် အစစ်ကိုလည်း ဖျောက်ထားသည်,သစ်ရွက်များသည် ဘီးကိုက်မှုကို တိုးတက်စေသည်,စက်ဘီးများကိုသာ ထိခိုက်ပြီး ဆိုင်ကယ်များကို မထိခိုက်ပါ,A,"Wet leaf litter can be extremely slippery and may conceal potholes, oil patches, or debris on the road underneath, so riders should slow down and avoid sudden steering inputs over it.",စွတ်စိုနေသော သစ်ရွက်အစများသည် အလွန်ချော်လိမ့်နိုင်ပြီး အောက်ရှိ ရေပူပေါ်များ၊ ဆီအစများ သို့မဟုတ် အမှိုက်များကို ဖျောက်ထားနိုင်သည် — ယာဉ်မောင်းသူများသည် အရှိန်လျှော့ပြီး ထိုနေရာများပေါ်တွင် ရုတ်တရက် ဘီးကွေ့ခြင်းကို ရှောင်ရှားသင့်သည်။,,,PENDING,
sg_rtt_0090,weather_road_surface_hazards,,easy,Why should a rider avoid riding directly over the centre of a lane where oil drips commonly accumulate from other vehicles?,အခြားယာဉ်များမှ ဆီယိုစက်များ စုပုံတတ်သော လမ်းကြောင်းအလယ်ဗဟိုပေါ် တိုက်ရိုက်ဆိုင်ကယ်မောင်းရှောင်ရှားသင့်သည် ဘာကြောင့်လဲ။,"Accumulated oil residue is very slippery, especially when combined with rain",It has no effect on grip at all,Oil residue only affects car tyres,စုပုံနေသော ဆီအနယ်သည် အလွန်ချော်လိမ့်ပြီး အထူးသဖြင့် မိုးနှင့် ပေါင်းစည်းချိန်,ကိုက်မှုကို လုံးဝမထိခိုက်ပါ,ကားဘီးများကိုသာ ထိခိုက်သည်,A,"The centre of a lane often collects oil drips from many vehicles' engines over time, making it slipperier than the rest of the lane — riding slightly off-centre can be safer, especially in light rain.",လမ်းကြောင်းအလယ်ဗဟိုသည် အချိန်ကြာလာသည်နှင့်အမျှ ယာဉ်များစွာ၏ အင်ဂျင်ဆီယိုစက်များကို စုပုံတတ်ပြီး လမ်းကြောင်း၏ ကျန်အပိုင်းထက် ပိုချော်လိမ့်စေသည် — ဗဟိုမှ အနည်းငယ်ဖယ်၍ မောင်းနှင်ခြင်းသည် အထူးသဖြင့် မိုးအနည်းငယ်ရွာချိန် ပိုဘေးကင်းနိုင်သည်။,,,PENDING,
sg_rtt_0091,protective_gear_pillion_rules,,easy,What is the minimum protective gear legally required to ride a motorcycle in Singapore?,Singapore တွင် ဆိုင်ကယ်မောင်းရန် ဥပဒေအရ လိုအပ်သော အနိမ့်ဆုံး ကာကွယ်ရေးပစ္စည်းက ဘာဖြစ်သလဲ။,"An approved, properly fastened safety helmet",Gloves only,No protective gear is legally required,ထောက်ခံထားသော၊ မှန်ကန်စွာတပ်ဆင်ထားသော ဘေးကင်းရေးဦးထုပ်,လက်အိတ်တစ်ခုတည်း,ဥပဒေအရ ကာကွယ်ရေးပစ္စည်း မလိုအပ်ပါ,A,"Singapore law requires both the rider and pillion passenger to wear an approved safety helmet, properly fastened, at all times while riding.",Singapore ဥပဒေအရ ယာဉ်မောင်းသူနှင့် ပွဲတွဲစီးသူ နှစ်ဦးစလုံးသည် ထောက်ခံထားသော ဘေးကင်းရေးဦးထုပ်ကို မှန်ကန်စွာ တပ်ဆင်ပြီး အမြဲတမ်း ဆောင်ဆောင်ရမည်။,,,PENDING,
sg_rtt_0092,protective_gear_pillion_rules,,medium,"Why is wearing a helmet with the chin strap unfastened considered unsafe, even if the helmet is on?",ဦးထုပ်ဆောင်းထားသော်လည်း ပါးစေ့ကြိုးကို မချည်ထားလျှင် ဘေးကင်းမှုမရှိဟု သတ်မှတ်ရသည် ဘာကြောင့်လဲ။,"An unfastened helmet can fly off the head during a fall, providing no protection when it is needed most",The chin strap is purely for comfort and has no safety function,"It only matters for full-face helmets, not open-face helmets",ကြိုးမချည်ထားသော ဦးထုပ်သည် ကျရှုံးချိန် ခေါင်းမှ ပျံကျသွားနိုင်ပြီး အလိုအရဆုံးအချိန်တွင် ကာကွယ်မှု မရှိနိုင်ပါ,ပါးစေ့ကြိုးသည် အဆင်ပြေမှုအတွက်သာ ဖြစ်ပြီး ဘေးကင်းရေးလုပ်ငန်းမှု မရှိပါ,မျက်နှာအပြည့်ဖုံးဦးထုပ်များအတွက်သာ အရေးကြီးပြီး မျက်နှာဖွင့်ဦးထုပ်များအတွက် မဟုတ်ပါ,A,The chin strap keeps the helmet securely on the head during an impact; an unfastened strap allows the helmet to come off exactly when protection is most needed.,ပါးစေ့ကြိုးသည် ထိခိုက်မှုဖြစ်ချိန် ဦးထုပ်ကို ခေါင်းပေါ်တွင် တည်ငြိမ်စွာ ထားရှိပေးသည် — ကြိုးမချည်ထားလျှင် ကာကွယ်မှု အလိုအရဆုံးအချိန်တွင် ဦးထုပ်ကျွတ်သွားနိုင်သည်။,,,PENDING,
sg_rtt_0093,protective_gear_pillion_rules,,easy,What does the rider need to ensure before allowing someone to ride as a pillion passenger?,တစ်စုံတစ်ယောက်ကို ပွဲတွဲတစီးနင်းခွင့်ပြုမီ ယာဉ်မောင်းသူ ဘာကို သေချာလုပ်ရမည်လဲ။,The pillion has their own properly fastened helmet and uses the footrests provided,The pillion can stand on the rear seat for a better view,There are no requirements for carrying a pillion,ပွဲတွဲသည် မှန်ကန်စွာချည်ထားသော ပိုင်ဆိုင်သည့် ဦးထုပ်ရှိပြီး ပံ့ပိုးထားသော ခြေနင်းကို အသုံးပြုသည်ကို သေချာစေသည်,ပွဲတွဲသည် ပိုကောင်းသော မြင်ကွင်းအတွက် နောက်ထိုင်ခုံပေါ်တွင် ရပ်နေနိုင်သည်,ပွဲတွဲစီးခွင့်ပြုရန် မည်သည့်လိုအပ်ချက်မှ မရှိပါ,A,A pillion passenger must wear their own properly fastened helmet and use the footrests; this keeps them stable and protected throughout the ride.,ပွဲတွဲစီးသူသည် ပိုင်ဆိုင်သည့် ဦးထုပ်ကို မှန်ကန်စွာချည်ပြီး ဆောင်းရမည်၊ ခြေနင်းကိုလည်း အသုံးပြုရမည် — ၎င်းသည် ခရီးတစ်လျှောက် တည်ငြိမ်ပြီး ကာကွယ်ထားစေသည်။,,,PENDING,
sg_rtt_0094,protective_gear_pillion_rules,,hard,How does carrying a pillion passenger change a motorcycle's handling that a rider must adjust for?,ပွဲတွဲစီးသူ ဆောင်ရွက်ခြင်းသည် ဆိုင်ကယ်၏ ကိုင်တွယ်မှုကို မည်သို့ပြောင်းလဲစေပြီး ယာဉ်မောင်းသူ မည်သို့ညှိရမည်လဲ။,The extra weight raises braking distance and changes balance — the rider should brake earlier and corner more gently,A pillion has no measurable effect on handling,Carrying a pillion always makes the motorcycle easier to control,ထပ်တိုးအလေးချိန်သည် ဘရိတ်ရပ်ရန်အကွာအဝေးကို တိုးစေပြီး ဟန်ချက်ကို ပြောင်းလဲစေသည် — ယာဉ်မောင်းသူသည် ပိုစောစီးစွာ ဘရိတ်နှိပ်ပြီး ပိုညင်သာစွာ ကွေ့သင့်သည်,ပွဲတွဲစီးသူသည် ကိုင်တွယ်မှုကို တိုင်းတာနိုင်သော အကျိုးသက်ရောက်မှု မရှိပါ,ပွဲတွဲစီးသူ ဆောင်ရွက်ခြင်းသည် ဆိုင်ကယ်ကို ပိုထိန်းချုပ်ရလွယ်စေသည်,A,"Extra weight from a pillion increases stopping distance and shifts the centre of gravity, so the rider should brake earlier, accelerate and corner more gently, and allow extra following distance.",ပွဲတွဲစီးသူမှ ထပ်တိုးအလေးချိန်သည် ရပ်ရန်အကွာအဝေးကို တိုးစေပြီး ဗဟိုချိန်ခွင်ကို ပြောင်းလဲစေသည် — ယာဉ်မောင်းသူသည် ပိုစောစီးစွာ ဘရိတ်နှိပ်ပြီး၊ ပိုညင်သာစွာ အရှိန်တင်/ကွေ့ပြီး၊ နောက်လိုက်အကွာအဝေး ပိုတိုးထားသင့်သည်။,,,PENDING,
sg_rtt_0095,protective_gear_pillion_rules,,medium,"Besides a helmet, why are riding gloves, a jacket, and over-the-ankle footwear recommended even on short rides?",ဦးထုပ်အပြင် ဆိုင်ကယ်လက်အိတ်၊ ဂျာကင်နှင့် ခြေဖနောင့်အထက် ဖိနပ်များကို ခရီးတိုများအတွက်ပင် အကြံပြုထားသည် ဘာကြောင့်လဲ။,"They reduce the severity of abrasion and impact injuries to the skin and joints in a fall, even at low speed","They are only useful in cold weather, not for safety",Protective clothing is unnecessary for short distances,နိမ့်သောအမြန်နှုန်းတွင်ပင် ကျရှုံးပါက အရေပြားနှင့် အဆစ်များကို ပွတ်တိုက်ခြင်းနှင့် ထိခိုက်ဒဏ်ရာများကို လျှော့ချသည်,ရေခဲဆက်ရာသီတွင်သာ အသုံးဝင်ပြီး ဘေးကင်းရေးအတွက် မဟုတ်ပါ,ခရီးတိုများအတွက် ကာကွယ်ရေးအဝတ်အထည် မလိုအပ်ပါ,A,"Most motorcycle falls, even at low speed, cause abrasion injuries to exposed skin; proper gear like gloves, jackets, and ankle-covering footwear meaningfully reduces injury severity.",ဆိုင်ကယ်ကျရှုံးမှုအများစုသည် နိမ့်သောအမြန်နှုန်းတွင်ပင် ပွင့်လင်းနေသော အရေပြားကို ပွတ်တိုက်ဒဏ်ရာများ ဖြစ်စေသည် — လက်အိတ်၊ ဂျာကင်၊ ခြေဖနောင့်အထက်ဖိနပ်ကဲ့သို့ မှန်ကန်သော ကာကွယ်ရေးပစ္စည်းများသည် ဒဏ်ရာပြင်းထန်မှုကို သိသိသာသာ လျှော့ချသည်။,,,PENDING,
sg_rtt_0096,protective_gear_pillion_rules,,medium,What should a rider check about a helmet's visor before a night ride?,ညဘက် ဆိုင်ကယ်မောင်းမီ ဦးထုပ်၏ မျက်နှာစောင်းနှင့်ပတ်သက်၍ ဘာကို စစ်ဆေးသင့်သလဲ။,"That it is clean, not heavily scratched, and not a heavily tinted visor that reduces night vision",Only that the visor matches the colour of the helmet,Visors do not need any checking,သန့်ရှင်းသည်၊ ပြင်းပြင်းကွဲအက်ခြင်း မရှိပါ၊ ညဘက်မြင်ကွင်းကို လျော့ချသော မှောင်နေသော မျက်နှာစောင်းမဟုတ်ပါကြောင်း,မျက်နှာစောင်းသည် ဦးထုပ်အရောင်နှင့် ကိုက်ညီခြင်းကိုသာ,မျက်နှာစောင်းများကို မည်သည့်စစ်ဆေးမှုမှ မလိုအပ်ပါ,A,"A scratched or heavily tinted visor scatters light and reduces visibility at night, increasing the risk of missing hazards — a clean, appropriately clear visor should be used after dark.",ကွဲအက်နေသော သို့မဟုတ် ပြင်းပြင်းမှောင်နေသော မျက်နှာစောင်းသည် အလင်းကို ပျံ့နှံ့စေပြီး ညဘက်မြင်နိုင်စွမ်းကို လျော့ချသည် — အန္တရာယ်များကို လွတ်သွားနိုင်ခြေ တိုးစေသည် — မှောင်ပြီးနောက် သန့်ရှင်းပြီး သင့်လျော်စွာရှင်းလင်းသော မျက်နှာစောင်းကို အသုံးပြုသင့်သည်။,,,PENDING,
sg_rtt_0097,protective_gear_pillion_rules,,easy,Is it legal to carry more than one pillion passenger on a standard Class 2B motorcycle?,စံ Class 2B ဆိုင်ကယ်တစ်စီးတွင် ပွဲတွဲစီးသူတစ်ဦးထက်ပို၍ ဆောင်ရွက်ခွင့် ဥပဒေအရ ရှိသလော။,No — only one pillion passenger is allowed on a standard motorcycle seat,Yes — up to three passengers may be carried,"Yes, as long as all passengers wear helmets",မရှိပါ — စံဆိုင်ကယ်ထိုင်ခုံတွင် ပွဲတွဲစီးသူတစ်ဦးသာ ခွင့်ပြုသည်,ရှိသည် — ခရီးသွားသုံးဦးအထိ ဆောင်ရွက်နိုင်သည်,ရှိသည်၊ ခရီးသွားအားလုံး ဦးထုပ်ဆောင်းသမျှ,A,A standard motorcycle is designed and legally permitted to carry only the rider plus one pillion passenger seated properly on the designated pillion seat.,စံဆိုင်ကယ်သည် ယာဉ်မောင်းသူနှင့် သတ်မှတ်ထားသော ပွဲတွဲထိုင်ခုံပေါ်တွင် မှန်ကန်စွာထိုင်နေသော ပွဲတွဲစီးသူတစ်ဦးကိုသာ ဥပဒေအရ ဆောင်ရွက်ခွင့်ပြုသည်။,,,PENDING,
sg_rtt_0098,protective_gear_pillion_rules,,medium,Why should a pillion passenger hold onto the rider or designated grab handles rather than the rider's shoulders?,ပွဲတွဲစီးသူသည် ယာဉ်မောင်းသူ၏ ပခုံးအစား ယာဉ်မောင်းသူကိုယ်တိုင် သို့မဟုတ် သတ်မှတ်ထားသော ကိုင်တွယ်ကြိုးကို ကိုင်ထားသင့်သည် ဘာကြောင့်လဲ။,Holding the shoulders can restrict the rider's movement and ability to see and steer safely,It is more comfortable for the rider in every case,There is no difference in safety either way,ပခုံးကို ကိုင်ထားခြင်းသည် ယာဉ်မောင်းသူ၏ လှုပ်ရှားမှုနှင့် ဘေးကင်းစွာ ကြည့်/ထိန်းချုပ်နိုင်စွမ်းကို ကန့်သတ်စေနိုင်သည်,ယာဉ်မောင်းသူအတွက် မည်သည့်အခြေအနေတွင်မဆို ပိုအဆင်ပြေသည်,မည်သို့ကိုင်ထားစေ ဘေးကင်းမှုတွင် ခြားနားချက်မရှိပါ,A,"Gripping the rider's shoulders can restrict their head movement, shoulder checks, and steering inputs, which is unsafe — the pillion should use the rider's waist or designated grab handles instead.",ယာဉ်မောင်းသူ၏ ပခုံးကို ဆုပ်ကိုင်ထားခြင်းသည် ၎င်း၏ ခေါင်းလှုပ်ရှားမှု၊ ပခုံးကျော်ကြည့်ခြင်းနှင့် ထိန်းချုပ်မှုကို ကန့်သတ်နိုင်သည် — ဘေးကင်းမှုမရှိပါ — ပွဲတွဲစီးသူသည် ခါးတွင် သို့မဟုတ် သတ်မှတ်ထားသော ကိုင်တွယ်ကြိုးကို အသုံးပြုသင့်သည်။,,,PENDING,
sg_rtt_0099,protective_gear_pillion_rules,,hard,"What is the main safety concern with wearing dark, non-reflective clothing while riding at night?",ညဘက်ဆိုင်ကယ်မောင်းနှင်ချိန် မှောင်ပြီး အလင်းမထောင်ပြန်သော အဝတ်အထည်ဝတ်ဆင်ခြင်းတွင် အဓိက ဘေးကင်းရေးစိုးရိမ်မှုက ဘာဖြစ်သလဲ။,"It makes the rider much harder for other road users to see, increasing collision risk",Dark clothing makes the motorcycle's engine louder,There is no visibility difference between dark and bright clothing,အခြားလမ်းသုံးသူများ ယာဉ်မောင်းသူကို မြင်ရန်ပိုခက်ခဲစေပြီး တိုက်မိနိုင်ခြေကို တိုးစေသည်,မှောင်သောအဝတ်သည် ဆိုင်ကယ်အင်ဂျင်ကို ပိုကျယ်လောင်စေသည်,မှောင်သောနှင့် ထွန်းလင်းသော အဝတ်များကြား မြင်နိုင်စွမ်း ခြားနားချက်မရှိပါ,A,"Motorcycles already present a small visual profile; dark, non-reflective clothing at night makes the rider even harder to spot, so bright or reflective gear is strongly recommended after dark.",ဆိုင်ကယ်များသည် မြင်ကွင်းသေးငယ်စွာသာ ပေးပြီးသားဖြစ်သည် — ညဘက် မှောင်ပြီး အလင်းမထောင်ပြန်သော အဝတ်ဝတ်ခြင်းသည် ယာဉ်မောင်းသူကို ပိုတွေ့ရန်ခက်ခဲစေသည် — မှောင်ပြီးနောက် ထွန်းလင်း သို့မဟုတ် အလင်းထောင်ပြန်သော ပစ္စည်းများကို တိုက်တွန်းအားပေးထားသည်။,,,PENDING,
sg_rtt_0100,protective_gear_pillion_rules,,medium,Why is it unsafe for a pillion passenger to lean or look around independently of the rider while the motorcycle is turning?,ဆိုင်ကယ်ကွေ့နေချိန် ပွဲတွဲစီးသူ ယာဉ်မောင်းသူနှင့် သီးခြားစွာ ညိမ့်ခြင်း သို့မဟုတ် လှည့်ကြည့်ခြင်းသည် ဘေးကင်းမှုမရှိသည် ဘာကြောင့်လဲ။,"It shifts the combined centre of gravity unexpectedly, making the motorcycle harder for the rider to balance",It has no effect on the motorcycle's balance,It only matters at very high speeds,ပေါင်းစည်းထားသော ဗဟိုချိန်ခွင်ကို မမျှော်လင့်ဘဲ ပြောင်းလဲစေပြီး ယာဉ်မောင်းသူအတွက် ဟန်ချက်ထိန်းရန် ပိုခက်ခဲစေသည်,ဆိုင်ကယ်၏ ဟန်ချက်ကို လုံးဝမထိခိုက်ပါ,အမြန်နှုန်းအလွန်မြင့်ချိန်တွင်သာ အရေးကြီးသည်,A,"A motorcycle and its riders balance as a combined system in a turn; a pillion leaning or moving independently can unexpectedly shift weight and upset that balance, so the pillion should lean naturally with the rider.",ဆိုင်ကယ်နှင့် ယာဉ်စီးသူများသည် ကွေ့ချိန် ပေါင်းစည်းထားသော စစ်စတမ်တစ်ခုအနေဖြင့် ဟန်ချက်ထိန်းသည် — ပွဲတွဲစီးသူ သီးခြားစွာ ညိမ့်ခြင်း သို့မဟုတ် ရွေ့လျားခြင်းသည် အလေးချိန်ကို မမျှော်လင့်ဘဲ ပြောင်းလဲစေနိုင်ပြီး ဟန်ချက်ကို ဖျက်ဆီးနိုင်သည် — ပွဲတွဲစီးသူသည် ယာဉ်မောင်းသူနှင့်အတူ သဘာဝအတိုင်း ညိမ့်သင့်သည်။,,,PENDING,
sg_rtt_0101,protective_gear_pillion_rules,,easy,What standard must a motorcycle helmet meet to be legally worn in Singapore?,Singapore တွင် တရားဝင် ဆိုင်ကယ် ဦးထုပ်သည် မည်သည့် စံနှုန်းနှင့် ကိုက်ညီရမည်လဲ။,Any branded helmet sold in a sports shop,"A helmet approved under an accepted international standard (e.g. ECE 22, SIRIM)",Any full-face helmet regardless of certification,အားကစားဆိုင်တွင် ရောင်းသော မည်သည့် brand ဦးထုပ်မဆို,"လက်ခံထားသော နိုင်ငံတကာ စံနှုန်းဖြင့် အတည်ပြုထားသော ဦးထုပ် (ဥပမာ ECE 22, SIRIM)",သက်သေခံချက်မဆိုင်ဘဲ မည်သည့် မျက်နှာပြည့် ဦးထုပ်မဆို,B,"Helmets must comply with an accepted standard (such as ECE 22.05/06, AS/NZS 1698, SIRIM, or equivalent). Uncertified helmets are illegal.","ဦးထုပ်များသည် လက်ခံထားသော စံနှုန်း (ECE 22.05/06, AS/NZS 1698, SIRIM သို့ တည်ညီသော)နှင့် ကိုက်ညီရမည်။ သက်သေခံချက် မရှိသော ဦးထုပ်များ တရားမဝင်ပါ။",,,PENDING,
sg_rtt_0102,right_of_way_traffic_rules,,easy,What is the maximum speed limit for a Class 2B motorcycle on a Singapore expressway?,Singapore မြန်နှုန်းလမ်းပေါ် Class 2B ဆိုင်ကယ်အတွက် အများဆုံး အမြန်နှုန်းကန့်သတ်ချက်မှာ ဘယ်လောက်လဲ။,70 km/h,80 km/h,90 km/h,၇၀ km/h,၈၀ km/h,၉၀ km/h,B,Class 2B motorcycles (≤200cc or ≤30kW) are limited to 80 km/h on expressways. Higher classes may travel up to 90 km/h.,Class 2B ဆိုင်ကယ်များ (≤200cc သို့ ≤30kW) သည် မြန်နှုန်းလမ်းများတွင် ၈၀ km/h ဖြင့် ကန့်သတ်ထားသည်။ အဆင့်မြင့်သော Class များသည် ၉၀ km/h အထိ မောင်းနိုင်သည်။,,,PENDING,
sg_rtt_0103,lane_filtering_positioning,,medium,Where should a motorcyclist position themselves within a lane on a multi-lane road?,လမ်းကြောင်းများစွာပါသော လမ်းပေါ်တွင် ဆိုင်ကယ်မောင်းသူသည် မိမိ လမ်းကြောင်းအတွင်း ဘယ်နေရာတွင် နေသင့်သလဲ။,Always ride in the centre of the lane,On the right side of the lane to be seen by drivers ahead,In the most visible position — usually right-of-centre away from parked cars and drains,အမြဲ လမ်းကြောင်း အလယ်ဗဟိုတွင် မောင်းပါ,ရှေ့ ယာဉ်မောင်းသူများ မြင်နိုင်ရန် လမ်းကြောင်း ညာဘက်တွင်,အများဆုံး မြင်နိုင်သော နေရာ — ပုံမှန်အားဖြင့် ရပ်ထားသော ယာဉ်နှင့် မြောင်းများမှ ဝေးသော ညာဗဟို,C,"Ride in the position where you are most visible to other road users and away from hazards like parked cars, drains, and road debris. This is usually slightly right of centre.",အခြားလမ်းသုံးသူများ အများဆုံး မြင်နိုင်ပြီး ရပ်ထားသောယာဉ်၊ မြောင်း၊ လမ်းပေါ်အမှိုက် ကဲ့သို့ အန္တရာယ်များမှ ဝေးသော နေရာတွင် မောင်းပါ။ ပုံမှန်အားဖြင့် ဗဟိုမှ ညာဘက် အနည်းငယ် ဖြစ်သည်။,,,PENDING,
sg_rtt_0104,protective_gear_pillion_rules,,easy,What is the minimum age for a pillion passenger on a motorcycle in Singapore?,Singapore တွင် ဆိုင်ကယ် နောက်ဆင်းခြင်းပြုသူ (pillion) အနည်းဆုံး အသက်မှာ ဘယ်လောက်လဲ။,No minimum age — any child may ride pillion,The pillion passenger must be able to reach the footrests and hold on,7 years old,အနည်းဆုံး သက်တမ်း မရှိ — မည်သည့် ကလေးမဆို ဆင်းနိုင်သည်,နောက်ဆင်းခြင်းပြုသူသည် ခြေချောင်းနားနိုင်ပြီး ကိုင်ထားနိုင်ရမည်,အသက် ၇ နှစ်,B,"There is no specific minimum age in Singapore, but the pillion passenger must be able to reach the footrests and sit securely. Both rider and pillion must wear approved helmets.",Singapore တွင် တိကျသော အနည်းဆုံး သက်တမ်း မရှိသော်လည်း နောက်ဆင်းခြင်းပြုသူသည် ခြေချောင်းသို့ ရောက်ပြီး လုံခြုံစွာ ထိုင်နိုင်ရမည်။ မောင်းသူနှင့် နောက်ဆင်းသူ နှစ်ဦးစလုံး အတည်ပြုထားသော ဦးထုပ်ဆောင်းရမည်။,,,PENDING,
sg_rtt_0105,balance_cornering_hazards,,medium,"When cornering on a wet road, what should a motorcyclist do?",ရွှံ့ပြေနေသော လမ်းတွင် ကွေ့ကောက်သောအခါ ဆိုင်ကယ်မောင်းသူ ဘာလုပ်သင့်သလဲ။,Lean further to maintain speed through the corner,Brake firmly inside the corner to reduce speed,"Slow down before the corner, maintain a steady throttle through it, and avoid sudden braking",ကွေ့ကောက်မှုတွင် အရှိန်ထိန်းရန် ပိုကိုင်းနိမ့်ပါ,ကွေ့ကောက်မှုအတွင်း အရှိန်လျှော့ရန် ဘရိတ်ကျပ်ကျပ်နှိပ်ပါ,ကွေ့မတိုင်ခင် နှေးချပြီး ကွေ့ကောက်မှုတွင် အရှိန်တည်ငြိမ်ထားကာ ဘရိတ်ကို ရုတ်တရက် မနှိပ်ပါနှင့်,C,"Slow down before the corner (not in it), maintain smooth throttle through the bend, and avoid sudden braking or acceleration on wet surfaces, which reduces tyre grip significantly.",ကွေ့မတိုင်ခင် နှေးချပါ (ကွေ့ကောက်မှုအတွင်း မဟုတ်)၊ ကွေ့ကောက်မှုတွင် အသာ အရှိန်ထိန်းပြီး ရွှံ့ပြေနေသော မျက်နှာပြင်တွင် တာယာ ဖိအားကျဆင်းစေသော ဘရိတ် သို့ အရှိန်မြင့်ခြင်းကို ရုတ်တရက် မလုပ်ပါနှင့်။,,,PENDING,
sg_rtt_0106,blind_spots_visibility,,medium,Why are motorcyclists particularly vulnerable at signalised intersections?,ဆိုင်ကယ်မောင်းသူများသည် မီးပွိုင့် ထားသော လမ်းဆုံများတွင် အဘယ်ကြောင့် အထူးသဖြင့် ထိခိုက်နိုင်ဖွယ်ရှိသလဲ။,Because motorcycles travel faster than cars,Because turning drivers may not see a motorcycle in their mirrors or blind spots,Because motorcycles have no indicator lights,ဆိုင်ကယ်သည် ကားထက် ပိုမြန်သောကြောင့်,ကွေ့ကောက်မောင်းနေသော ယာဉ်မောင်းသူသည် မှန်ဆိုင်ကပ်ဆက် သို့ မမြင်ရသောနေရာတွင် ဆိုင်ကယ်ကို မတွေ့ နိုင်သောကြောင့်,ဆိုင်ကယ်တွင် ညွှန်းမီးများ မပါသောကြောင့်,B,"Motorcycles are small and can be missed in a vehicle's mirrors or blind spots, especially when a car turns right. Always ride at a speed that allows you to react if a vehicle turns unexpectedly.",ဆိုင်ကယ်သည် သေးငယ်ပြီး ယာဉ်တစ်စီး ညာဘက်ကွေ့ကောက်သောအချိန် အထူးသဖြင့် မှန်ဆိုင်ကပ်ဆက် သို့ မမြင်ရသော နေရာတွင် ချန်ရစ်ခံနိုင်သည်။ ယာဉ်တစ်စီး မမျှော်လင့်ဘဲ ကွေ့ကောက်သောအခါ တုံ့ပြန်နိုင်သော အရှိန်ဖြင့် မောင်းပါ။,,,PENDING,
sg_rtt_0107,weather_road_surface_hazards,,easy,Which road surface condition presents the highest risk to a motorcyclist?,မည်သည့် လမ်းမျက်နှာပြင် အခြေအနေသည် ဆိုင်ကယ်မောင်းသူကို အများဆုံး အန္တရာယ် ဖြစ်ပေါ်စေသလဲ။,Dry tarmac after a warm day,Light drizzle that causes oil and dust to rise to the surface,Bright daylight on a straight road,နွေးထွေးသောနေ့ တွင်းအပြီး ခြောက်သောသော တာမက် လမ်း,ဆီနှင့် ဆူဆိုင်ကယ်ကို မျက်နှာပြင်ကို ပြင်ဆင်ပေးသော မေ့ မိုးရွာမှု,တည့်မတ်သောလမ်းပေါ် နေထွက်ချိန်,B,"The first few minutes of light rain are the most dangerous — water mixes with oil, rubber dust and grit on the road surface, creating extremely slippery conditions. Slow down significantly and increase following distance.",ပထမ မိနစ်အနည်းငယ် ဖွဲ ဖွဲ မိုးရွာသည်မှာ အလွန် အန္တရာယ် အများဆုံးဖြစ်သည် — ရေသည် ဆီ၊ ရာဘာ ဆူဆိုင်ကယ်နှင့် သဲနှင့် ရောနှောပြီး မျက်နှာပြင် ချောလွန်းသော အခြေအနေ ဖြစ်ပေါ်စေသည်။ အများကြီး နှေးချပြီး နောက်လိုက် အကွာ တိုးပါ။,,,PENDING,
sg_rtt_0109,balance_cornering_hazards,,medium,What effect does a strong crosswind have on a motorcycle?,ပြင်းထန်သော အလျားကိုင်ကွေ့လေသည် ဆိုင်ကယ်အပေါ် မည်သို့ သက်ရောက်သလဲ။,It increases engine power and helps acceleration,"It pushes the motorcycle sideways, destabilising the rider",It reduces the stopping distance on dry roads,အင်ဂျင်ကွမ်းအားကို တိုးပြီး အရှိန်မြင့်မားရာ ကူညီသည်,ဆိုင်ကယ်ကို ဘေးတိုက် တွန်းပြီး မောင်းသူကို မတည်ငြိမ်အောင် ဖြစ်စေသည်,ခြောက်သောသော လမ်းပေါ် ရပ်ရသောအကွာ လျှော့ချပေးသည်,B,"A strong crosswind pushes the motorcycle sideways, which can cause the rider to lose balance and drift into another lane. Grip the tank with your knees and lean slightly into the wind.",ပြင်းထန်သော ကိုင်ကွေ့လေသည် ဆိုင်ကယ်ကို ဘေးတိုက် တွန်းပြီး မောင်းသူ မတည်ငြိမ်ကာ အခြားလမ်းကြောင်းသို့ ဝင်ရောက်နိုင်သည်။ ဒူးဖြင့် ရေလောင်းကို ဆုပ်ကိုင်ပြီး လေ ဦးတည်ရာ ဘက်ကို အနည်းငယ် ကိုင်းနိမ့်ပါ။,,,PENDING,
sg_rtt_0110,road_signs_signals,,easy,What does a white diamond marking painted on the road surface indicate?,လမ်းမျက်နှာပြင်တွင် ဆေးဆိုးထားသော အဖြူရောင် စိန်ပုံ မှတ်တမ်းသည် ဘာကို ဆိုလိုသလဲ။,A motorcycle-only lane,A pedestrian crossing ahead,A priority or bus lane,ဆိုင်ကယ်သာ သုံးနိုင်သော လမ်းကြောင်း,ရှေ့တွင် လမ်းသွားဖြတ်သောနေရာ ရှိသည်,ဦးစားပေး သို့ ဘတ်ကား လမ်းကြောင်း,B,"A white diamond painted on the road marks an upcoming pedestrian crossing, giving drivers advance warning to slow down and be ready to yield.",လမ်းပေါ် ဆေးဆိုးထားသော အဖြူရောင် စိန်ပုံသည် ရှေ့တွင် လမ်းသွားဖြတ်သောနေရာ ရှိကြောင်း ကြိုတင် သတိပေးပြီး ယာဉ်မောင်းသူများ နှေးချပြီး လမ်းပေးရန် အသင့်ဖြစ်ရန် သတိပေးသည်။,,,PENDING,
