id,topic,expected_tag,expected_image,actual_image,match,prompt_ja
"jp_car_0001","karimen_road_signs","speed_limit","jp-speed-limit.png","jp-speed-limit.png","yes","丸い標識に「30」と書かれている場合、それはその区間における最高速度を表している。"
"jp_car_0002","karimen_road_signs","warning","jp-warning.png","jp-warning.png","yes","三角形で赤い縁取りの標識は、警戒標識であり前方の危険を予告している。"
"jp_car_0003","karimen_road_signs","one_way","jp-one-way.png","jp-one-way.png","yes","「一方通行」の標識がある道路では、矢印で示された方向以外への進行は禁止されている。"
"jp_car_0004","karimen_road_signs","topic_default","jp-warning.png","jp-warning.png","yes","「徐行」の標識がある場所では、車はすぐに停止できる速度まで落とさなければならない。"
"jp_car_0005","karimen_road_signs","stop","jp-stop.png","jp-stop.png","yes","「止まれ」の標識がある交差点では、車は一時停止線で完全に停止する必要はなく減速すればよい。"
"jp_car_0006","karimen_road_signs","no_entry","jp-no-entry.png","jp-no-entry.png","yes","「車両通行止め」と「車両進入禁止」は同じ意味であり、どちらも全車両の進入を禁止する。"
"jp_car_0007","karimen_road_signs","parking","jp-parking.png","jp-parking.png","yes","「駐車禁止」の標識がある道路でも、5分以内であれば荷物の積み下ろしのために停車することができる。"
"jp_car_0008","karimen_road_signs","give_way","jp-give-way.png","jp-give-way.png","yes","「優先道路」の標識がある道路を走る車は、交差する道路の車に対して進路を譲る必要がない。"
"jp_car_0009","karimen_road_signs","topic_default","jp-warning.png","jp-warning.png","yes","補助標識に「大型車等」と表示されている規制標識は、普通自動車には適用されない。"
"jp_car_0010","karimen_road_signs","intersection","jp-intersection.png","jp-intersection.png","yes","「指定方向外進行禁止」の標識で右折の矢印のみが示されている場合、その地点では右折以外の進行はできない。"
"jp_car_0011","karimen_road_signs","warning","jp-warning.png","jp-warning.png","yes","信号機のない踏切の手前に設置されている「踏切あり」の警戒標識は、運転者に減速と注意を促すものである。"
"jp_car_0012","karimen_road_signs","expressway","jp-expressway.png","jp-expressway.png","yes","「自動車専用」の標識がある道路は、原動機付自転車や軽車両も通行することができる。"
"jp_car_0013","karimen_road_signs","pedestrian_crosswalk","jp-pedestrian-cross.png","jp-pedestrian-cross.png","yes","「横断歩道」の標識は、その地点に歩行者が道路を横断する場所があることを示している。"
"jp_car_0014","karimen_road_signs","no_overtaking","jp-no-overtaking.png","jp-no-overtaking.png","yes","「追越し禁止」の標識がある区間では、前車を追い越すことはできないが、進路変更だけであれば問題ない。"
"jp_car_0015","karimen_road_signs","topic_default","jp-warning.png","jp-warning.png","yes","「最大幅」を示す標識がある道路では、表示された幅を超える車幅の車両は通行できない。"
"jp_car_0016","karimen_right_of_way","intersection","jp-intersection.png","jp-intersection.png","yes","信号機のない交差点で道幅が同じくらいの場合、左方から来る車が右方から来る車より優先される。"
"jp_car_0017","karimen_right_of_way","intersection","jp-intersection.png","jp-intersection.png","yes","交差点で右折する車は、直進または左折する対向車よりも先に通行することができる。"
"jp_car_0018","karimen_right_of_way","stop","jp-stop.png","jp-stop.png","yes","緊急自動車が近づいてきたときは、交差点を避けて道路の左側に寄り一時停止しなければならない。"
"jp_car_0019","karimen_right_of_way","roundabout","jp-roundabout.png","jp-roundabout.png","yes","環状交差点（ラウンドアバウト）では、すでに環道内を走行している車が進入してくる車より優先される。"
"jp_car_0020","karimen_right_of_way","pedestrian_crosswalk","jp-pedestrian-cross.png","jp-pedestrian-cross.png","yes","横断歩道を渡ろうとしている歩行者がいる場合、車は必ず一時停止してその通行を妨げてはならない。"
"jp_car_0021","karimen_right_of_way","topic_default","jp-intersection.png","jp-intersection.png","yes","坂道で狭い道路ですれ違いが困難な場合、上りの車が下りの車に道を譲るのが原則である。"
"jp_car_0022","karimen_right_of_way","intersection","jp-intersection.png","jp-intersection.png","yes","通行禁止の規制がない狭い道路と広い道路が交わる場合、広い道路を走る車が優先される。"
"jp_car_0023","karimen_right_of_way","topic_default","jp-intersection.png","jp-intersection.png","yes","路面電車が後方から接近しているとき、軌道内を走行する車は速やかに軌道外へ出なければならない。"
"jp_car_0024","karimen_right_of_way","pedestrian_crosswalk","jp-pedestrian-cross.png","jp-pedestrian-cross.png","yes","歩行者が横断中の道路に車を進入させる場合、歩行者よりも自車の通過を優先させてもよい。"
"jp_car_0025","karimen_right_of_way","intersection","jp-intersection.png","jp-intersection.png","yes","交差点で警察官が手信号で交通整理をしている場合、信号機の表示よりも警察官の指示が優先される。"
"jp_car_0026","karimen_speed_limits_parking","speed_limit","jp-speed-limit.png","jp-speed-limit.png","yes","標識による速度規制がない一般道路での普通自動車の最高速度は、法定で時速60キロメートルである。"
"jp_car_0027","karimen_speed_limits_parking","parking","jp-parking.png","jp-parking.png","yes","消火栓から3メートル以内の場所は、駐車だけでなく停車も禁止されている。"
"jp_car_0028","karimen_speed_limits_parking","speed_limit","jp-speed-limit.png","jp-speed-limit.png","yes","「最高速度40キロ」の補助標識がついた標識のある道路では、雨天時には50キロまで速度を上げてよい。"
"jp_car_0029","karimen_speed_limits_parking","parking","jp-parking.png","jp-parking.png","yes","「駐停車禁止」の標識がある場所では、運転者が車を離れなくても短時間の荷物の積み下ろしのための停止も禁止される。"
"jp_car_0030","karimen_speed_limits_parking","parking","jp-parking.png","jp-parking.png","yes","夜間、道路上に駐車する場合は、尾灯や駐車灯をつけなくても道路照明が十分明るければ問題ない。"
"jp_car_0031","karimen_speed_limits_parking","parking","jp-parking.png","jp-parking.png","yes","坂の頂上付近やトンネル内は、駐車だけでなく停車も法律で禁止されている。"
"jp_car_0032","karimen_speed_limits_parking","parking","jp-parking.png","jp-parking.png","yes","交差点の側端から5メートル以内の場所は、駐車および停車が禁止されている。"
"jp_car_0033","karimen_speed_limits_parking","speed_limit","jp-speed-limit.png","jp-speed-limit.png","yes","「最低速度50キロ」の標識がある道路では、故障などやむを得ない理由がなくてもそれより遅く走行できる。"
"jp_car_0034","karimen_speed_limits_parking","parking","jp-parking.png","jp-parking.png","yes","車庫や駐車場の出入口から3メートル以内の道路上の部分は、駐車が禁止されている。"
"jp_car_0035","karimen_speed_limits_parking","parking","jp-parking.png","jp-parking.png","yes","バス停の標識から10メートル以内の場所は、バスの運行時間に関係なく常に駐停車が禁止されている。"
"jp_car_0036","honmen_expressway","speed_limit","jp-speed-limit.png","jp-speed-limit.png","yes","高速道路の本線車道における普通自動車の最高速度は、特に標識がない限り100キロメートルである。"
"jp_car_0037","honmen_expressway","speed_limit","jp-speed-limit.png","jp-speed-limit.png","yes","高速道路の本線車道には最低速度の規制があり、特に標識がない場合は時速50キロメートルとされている。"
"jp_car_0038","honmen_expressway","expressway","jp-expressway.png","jp-expressway.png","yes","高速道路に入るときは、加速車線を使って本線を走る車の速度に近づけてから合流するべきである。"
"jp_car_0039","honmen_expressway","expressway","jp-expressway.png","jp-expressway.png","yes","高速道路を走行中にタイヤがパンクした場合、その場ですぐに停止して三角表示板を出さなくても問題ない。"
"jp_car_0040","honmen_expressway","expressway","jp-expressway.png","jp-expressway.png","yes","高速道路では、原動機付自転車や125cc以下の自動二輪車は通行することができない。"
"jp_car_0041","honmen_expressway","speed_limit","jp-speed-limit.png","jp-speed-limit.png","yes","高速道路で渋滞などにより低速走行が続く場合は、最低速度規制が一時的に適用されなくなる。"
"jp_car_0042","honmen_expressway","parking","jp-parking.png","jp-parking.png","yes","高速道路の路側帯（路肩）は、緊急車両のためのスペースであり、原則として走行や駐停車はできない。"
"jp_car_0043","honmen_expressway","expressway","jp-expressway.png","jp-expressway.png","yes","高速道路を走行中に行き先を間違えた場合、その場で安全を確認してバックして元のインターチェンジに戻ってもよい。"
"jp_car_0044","honmen_expressway","expressway","jp-expressway.png","jp-expressway.png","yes","高速道路を走行する前には、燃料、冷却水、タイヤの空気圧などを点検しておくことが望ましい。"
"jp_car_0045","honmen_expressway","expressway","jp-expressway.png","jp-expressway.png","yes","高速道路で前の車に追従する場合の車間距離は、速度が速くなるほど長くとる必要がある。"
"jp_car_0046","honmen_expressway","expressway","jp-expressway.png","jp-expressway.png","yes","高速道路から一般道路へ出る場合は、減速車線に入ってから速度を落とすのが正しい方法である。"
"jp_car_0047","honmen_expressway","expressway","jp-expressway.png","jp-expressway.png","yes","高速道路の登坂車線は、速度の遅い大型車などのための車線であり、追い越しのために一般の車が走行することは禁止される。"
"jp_car_0048","honmen_expressway","expressway","jp-expressway.png","jp-expressway.png","yes","高速道路上で発生した火災の場合、消火が困難であれば車を路肩に止めてすぐに安全な場所へ避難するべきである。"
"jp_car_0049","honmen_expressway","parking","jp-parking.png","jp-parking.png","yes","高速道路のサービスエリアやパーキングエリアでは、休憩のための駐車であれば長時間でも問題ない。"
"jp_car_0050","honmen_expressway","expressway","jp-expressway.png","jp-expressway.png","yes","高速道路の本線車道で故障し停止せざるを得ない場合、可能であれば路肩よりもさらに左の安全な場所まで移動するべきである。"
"jp_car_0051","honmen_expressway","expressway","jp-expressway.png","jp-expressway.png","yes","高速道路を走行中、眠気を感じたときはサービスエリアなどに入って休憩を取るべきである。"
"jp_car_0052","honmen_expressway","expressway","jp-expressway.png","jp-expressway.png","yes","高速道路でチェーン規制が出されている場合、スタッドレスタイヤを装着していればチェーンを装着しなくてもよい。"
"jp_car_0053","honmen_expressway","expressway","jp-expressway.png","jp-expressway.png","yes","高速道路での追い越しは、原則として右側の車線を使って行わなければならない。"
"jp_car_0054","honmen_expressway","expressway","jp-expressway.png","jp-expressway.png","yes","高速道路の入口で「ETC専用」と表示されたゲートには、ETCを搭載していない車も進入できる。"
"jp_car_0055","honmen_expressway","expressway","jp-expressway.png","jp-expressway.png","yes","高速道路の合流地点では、本線を走る車には合流車に対して進路を譲る法的義務がある。"
"jp_car_0056","honmen_right_of_way_intersections","road_markings","jp-road-markings.png","jp-road-markings.png","yes","交差点で右折する際、対向車線に複数の車線がある場合でも、最も右側の車線にいる車だけに注意すればよい。"
"jp_car_0057","honmen_right_of_way_intersections","pedestrian_crosswalk","jp-pedestrian-cross.png","jp-pedestrian-cross.png","yes","信号機のある交差点で青信号でも、すでに交差点内に渡り終えていない歩行者がいる場合は発進してはならない。"
"jp_car_0058","honmen_right_of_way_intersections","topic_default","jp-intersection.png","jp-intersection.png","yes","「動物が飛び出す」恐れのある区域を示す標識がある場合、運転者はそれに備えて速度を落とすべきである。"
"jp_car_0059","honmen_right_of_way_intersections","intersection","jp-intersection.png","jp-intersection.png","yes","信号のない交差点に同時に複数の方向から車が進入する場合、最も大きい車両が優先される。"
"jp_car_0060","honmen_right_of_way_intersections","intersection","jp-intersection.png","jp-intersection.png","yes","交差点で右折待ちの車は、対向車が途切れるまで交差点の中心の直近内側で待機してよい。"
"jp_car_0061","honmen_right_of_way_intersections","stop","jp-stop.png","jp-stop.png","yes","交差点に「一時停止」の標識がない場合でも、見通しの悪い交差点では徐行して安全を確認する必要がある。"
"jp_car_0062","honmen_right_of_way_intersections","stop","jp-stop.png","jp-stop.png","yes","信号機のある交差点で黄色信号が点灯したとき、停止線の直前にいる車は安全に停止できる場合は必ず停止しなければならない。"
"jp_car_0063","honmen_right_of_way_intersections","intersection","jp-intersection.png","jp-intersection.png","yes","交差点内で進路を妨げられそうな場合、交差点が混雑していると分かっていても進入してよい。"
"jp_car_0064","honmen_right_of_way_intersections","stop","jp-stop.png","jp-stop.png","yes","信号機が「赤の点滅」を表示している交差点では、車は一時停止して安全を確認してから進行することができる。"
"jp_car_0065","honmen_right_of_way_intersections","intersection","jp-intersection.png","jp-intersection.png","yes","黄色の点滅信号がある交差点では、他の交通に注意して進行することができる。"
"jp_car_0066","honmen_right_of_way_intersections","expressway","jp-expressway.png","jp-expressway.png","yes","T字路で本線とぶつかる側道から進入する車は、本線を走る車に対して常に進路を譲らなければならない。"
"jp_car_0067","honmen_right_of_way_intersections","intersection","jp-intersection.png","jp-intersection.png","yes","交差点を右折する際は、あらかじめできるだけ道路の中央に寄って大回りで進入するのが正しい方法である。"
"jp_car_0068","honmen_right_of_way_intersections","intersection","jp-intersection.png","jp-intersection.png","yes","交差点を左折する際は、できるだけ道路の左端に沿って小回りで進行しなければならない。"
"jp_car_0069","honmen_right_of_way_intersections","intersection","jp-intersection.png","jp-intersection.png","yes","前方の交差点で右折しようとしている対向車がいる場合、こちらが直進であれば速度や進路を変えずに通過してよい。"
"jp_car_0070","honmen_right_of_way_intersections","road_markings","jp-road-markings.png","jp-road-markings.png","yes","交差点付近で工事などにより車線が規制されている場合、規制のない車線を走る車が優先的に通行できる。"
"jp_car_0071","honmen_road_signs_signals","intersection","jp-intersection.png","jp-intersection.png","yes","矢印式の信号で右向きの矢印のみが点灯している場合、その時間帯は右折する車のみが進行できる。"
"jp_car_0072","honmen_road_signs_signals","pedestrian_crosswalk","jp-pedestrian-cross.png","jp-pedestrian-cross.png","yes","信号機に「歩車分離式」と表示されている交差点では、車両用信号と歩行者用信号が同時に青にならない。"
"jp_car_0073","honmen_road_signs_signals","road_markings","jp-road-markings.png","jp-road-markings.png","yes","「左折可」の標示板がある交差点では、赤信号でも他の交通に注意して左折することができる。"
"jp_car_0074","honmen_road_signs_signals","pedestrian_crosswalk","jp-pedestrian-cross.png","jp-pedestrian-cross.png","yes","車両用信号が青で、その下にある「歩行者・自転車専用」の信号が赤の場合、自転車横断帯の自転車も止まらなければならない。"
"jp_car_0075","honmen_road_signs_signals","road_markings","jp-road-markings.png","jp-road-markings.png","yes","「中央線」を示す道路標示（黄色の実線）がある場所では、追い越しのためにその線を越えてはならない。"
"jp_car_0076","honmen_road_signs_signals","road_markings","jp-road-markings.png","jp-road-markings.png","yes","白の破線で示された中央線がある場所では、安全が確認できれば追い越しのために線を越えることができる。"
"jp_car_0077","honmen_road_signs_signals","pedestrian_crosswalk","jp-pedestrian-cross.png","jp-pedestrian-cross.png","yes","道路に書かれた菱形（ダイヤモンド）のマークは、前方に横断歩道や自転車横断帯があることを予告している。"
"jp_car_0078","honmen_road_signs_signals","road_markings","jp-road-markings.png","jp-road-markings.png","yes","「規制予告」の標示板は、その先で実際に規制が始まる地点とおおむね同じ規制内容を示している。"
"jp_car_0079","honmen_road_signs_signals","pedestrian_crosswalk","jp-pedestrian-cross.png","jp-pedestrian-cross.png","yes","「学校、幼稚園・保育所等あり」の警戒標識は、付近で子供の飛び出しに注意するよう運転者に促すものである。"
"jp_car_0080","honmen_road_signs_signals","topic_default","jp-warning.png","jp-warning.png","yes","「重量制限」の標識がある橋では、表示された重量を超える車両は、空車であれば通行してもよい。"
"jp_car_0081","honmen_road_signs_signals","road_markings","jp-road-markings.png","jp-road-markings.png","yes","進行方向別通行区分の標示がある車線で、直進矢印のみが描かれた車線からは右折してはならない。"
"jp_car_0082","honmen_road_signs_signals","road_markings","jp-road-markings.png","jp-road-markings.png","yes","「自転車専用」の標識がある通行帯を普通自動車が走行することは認められている。"
"jp_car_0083","honmen_road_signs_signals","pedestrian_crosswalk","jp-pedestrian-cross.png","jp-pedestrian-cross.png","yes","信号機のない押しボタン式の横断歩道では、ボタンが押されていなければ歩行者がいても車は止まらなくてよい。"
"jp_car_0084","honmen_road_signs_signals","road_markings","jp-road-markings.png","jp-road-markings.png","yes","「停止禁止部分」の標示（黄色の格子状の枠）がある場所では、その内側で停止してはならない。"
"jp_car_0085","honmen_road_signs_signals","road_markings","jp-road-markings.png","jp-road-markings.png","yes","「専用通行帯」の標示がある路線バス専用車線は、原則としてバス以外のすべての車両が通行できない。"
"jp_car_0086","honmen_hazard_prediction_illustration","warning","jp-warning.png","jp-warning.png","yes","次の場面を見て、ア〜ウの各記述が正しいか誤りか答えなさい。

住宅街の狭い道路を走行中、左側に停まっているトラックの前を通過しようとしている。最も注意すべき危険は何か。"
"jp_car_0087","honmen_hazard_prediction_illustration","warning","jp-warning.png","jp-warning.png","yes","次の場面を見て、ア〜ウの各記述が正しいか誤りか答えなさい。

信号のない交差点に近づいている。左右の見通しが建物でさえぎられている。この状況で予測すべき危険は何か。"
"jp_car_0088","honmen_hazard_prediction_illustration","pedestrian_crosswalk","jp-pedestrian-cross.png","jp-pedestrian-cross.png","yes","次の場面を見て、ア〜ウの各記述が正しいか誤りか答えなさい。

夜間、対向車のヘッドライトで眩惑された状態で歩行者が道路の左端を歩いている。最も適切な対応は何か。"
"jp_car_0089","honmen_hazard_prediction_illustration","parking","jp-parking.png","jp-parking.png","yes","次の場面を見て、ア〜ウの各記述が正しいか誤りか答えなさい。

片側1車線の道路で、前方に停車中のバスがハザードランプを点灯させている。とるべき行動は何か。"
"jp_car_0090","honmen_hazard_prediction_illustration","parking","jp-parking.png","jp-parking.png","yes","次の場面を見て、ア〜ウの各記述が正しいか誤りか答えなさい。

右側に駐車車両が並ぶ道路を走行中、前方の駐車車両のドアが開きそうな様子が見える。最も注意すべき危険は何か。"
"jp_car_0091","honmen_hazard_prediction_illustration","pedestrian_crosswalk","jp-pedestrian-cross.png","jp-pedestrian-cross.png","yes","次の場面を見て、ア〜ウの各記述が正しいか誤りか答えなさい。

雨の日、交差点の手前でブレーキを踏む必要が生じた。マンホールや横断歩道の白線付近を通過する際に注意すべきことは何か。"
"jp_car_0092","honmen_hazard_prediction_illustration","road_markings","jp-road-markings.png","jp-road-markings.png","yes","次の場面を見て、ア〜ウの各記述が正しいか誤りか答えなさい。

片側2車線の道路で、左車線に大型トラックが走行中、右車線への進路変更を検討している。注意すべき点は何か。"
"jp_car_0093","honmen_hazard_prediction_illustration","warning","jp-warning.png","jp-warning.png","yes","次の場面を見て、ア〜ウの各記述が正しいか誤りか答えなさい。

前方の交差点で、対向車線の車が右折のウインカーを出しているが、まだ停止していない。考えられる危険は何か。"
"jp_car_0094","honmen_hazard_prediction_illustration","pedestrian_crosswalk","jp-pedestrian-cross.png","jp-pedestrian-cross.png","yes","次の場面を見て、ア〜ウの各記述が正しいか誤りか答えなさい。

幼稚園バスが前方で停車し、子供が乗り降りしている。とるべき行動として最も適切なものは何か。"
"jp_car_0095","honmen_hazard_prediction_illustration","warning","jp-warning.png","jp-warning.png","yes","次の場面を見て、ア〜ウの各記述が正しいか誤りか答えなさい。

高速道路の出口付近で、前方の車が急に速度を落としている。最も考えられる危険な状況は何か。"
"jp_car_0096","honmen_hazard_prediction_illustration","warning","jp-warning.png","jp-warning.png","yes","次の場面を見て、ア〜ウの各記述が正しいか誤りか答えなさい。

公園の前を走行中、ボールが道路に飛び出してきた。最も注意すべき危険は何か。"
"jp_car_0097","honmen_hazard_prediction_illustration","warning","jp-warning.png","jp-warning.png","yes","次の場面を見て、ア〜ウの各記述が正しいか誤りか答えなさい。

見通しの悪いカーブの先に対向車のヘッドライトの光が見えた。最も適切な対応は何か。"
"jp_car_0098","honmen_hazard_prediction_illustration","stop","jp-stop.png","jp-stop.png","yes","次の場面を見て、ア〜ウの各記述が正しいか誤りか答えなさい。

交差点を直進しようとしたとき、左側から自転車が一時停止せずに進入してくる様子が見えた。とるべき行動は何か。"
"jp_car_0099","honmen_hazard_prediction_illustration","pedestrian_crosswalk","jp-pedestrian-cross.png","jp-pedestrian-cross.png","yes","次の場面を見て、ア〜ウの各記述が正しいか誤りか答えなさい。

渋滞中の道路で、前方の車両の間から歩行者が横断しようとしている様子が見えた。とるべき対応は何か。"
"jp_car_0100","honmen_hazard_prediction_illustration","warning","jp-warning.png","jp-warning.png","yes","次の場面を見て、ア〜ウの各記述が正しいか誤りか答えなさい。

この交差点に近づくとき、最も注意すべき危険は何か。"
"jp_car_0101","honmen_safe_driving_practices","car_interior","jp-car-interior.png","jp-car-interior.png","yes","運転中は、シートベルトを後部座席の同乗者にも着用させる義務がある。"
"jp_car_0102","honmen_safe_driving_practices","parking","jp-parking.png","jp-parking.png","yes","運転中に携帯電話を手に持って通話することは、停車中であれば問題ない。"
"jp_car_0103","honmen_safe_driving_practices","topic_default","jp-car-interior.png","jp-car-interior.png","yes","前車との車間距離は、速度が速いほど長くとる必要がある。"
"jp_car_0104","honmen_safe_driving_practices","pedestrian_crosswalk","jp-pedestrian-cross.png","jp-pedestrian-cross.png","yes","信号のない横断歩道に歩行者がいる場合、車は必ず一時停止して歩行者を優先させなければならない。"
"jp_car_0105","honmen_safe_driving_practices","topic_default","jp-car-interior.png","jp-car-interior.png","yes","高齢者マーク（もみじマーク）を付けた車に対して、幅寄せや無理な進路変更をしてはならない。"
"jp_car_0106","honmen_safe_driving_practices","topic_default","jp-car-interior.png","jp-car-interior.png","yes","運転中の疲労や眠気は、休憩や睡眠以外の方法、例えば大きな音楽や冷房で十分に解消できる。"
"jp_car_0107","honmen_safe_driving_practices","topic_default","jp-car-interior.png","jp-car-interior.png","yes","飲酒運転は、少量であれば法律上問題ない。"
"jp_car_0108","honmen_safe_driving_practices","intersection","jp-intersection.png","jp-intersection.png","yes","交差点を通過する際は、信号が青であっても周囲の安全を確認する必要はない。"
"jp_car_0109","honmen_safe_driving_practices","expressway","jp-expressway.png","jp-expressway.png","yes","高速道路から一般道路に移った直後は、速度感覚が鈍くなっているため、実際より遅く感じやすい。"
"jp_car_0110","honmen_safe_driving_practices","warning","jp-warning.png","jp-warning.png","yes","大型車の後ろを走行する際は、死角に入らないよう車間距離を多めにとるべきである。"
"jp_car_0111","honmen_safe_driving_practices","topic_default","jp-car-interior.png","jp-car-interior.png","yes","運転中にカーナビやスマートフォンの画面を注視することは、わき見運転にあたる。"
"jp_car_0112","honmen_safe_driving_practices","hazard","jp-hazard.png","jp-hazard.png","yes","他の車両に進路を譲ってもらった場合、ハザードランプなどで感謝の意を示すことは安全運転の観点から望ましい。"
"jp_car_0113","honmen_safe_driving_practices","pedestrian_crosswalk","jp-pedestrian-cross.png","jp-pedestrian-cross.png","yes","子供が道路の近くで遊んでいるのを見かけたら、減速して注意を払う必要がある。"
"jp_car_0114","honmen_safe_driving_practices","topic_default","jp-car-interior.png","jp-car-interior.png","yes","サイドミラーとルームミラーを定期的に確認することは、後方や側方の状況把握に役立つ。"
"jp_car_0115","honmen_safe_driving_practices","car_interior","jp-car-interior.png","jp-car-interior.png","yes","渋滞中にやむを得ず急ブレーキをかける場合は、後続車に配慮する必要は特にない。"
"jp_car_0116","honmen_parking_rules","parking","jp-parking.png","jp-parking.png","yes","駐車禁止の標識がある場所では、短時間であっても車を止めてはならない。"
"jp_car_0117","honmen_parking_rules","parking","jp-parking.png","jp-parking.png","yes","駐停車禁止の標識がある場所では、運転者がすぐに運転できる状態であれば一時的に止まることができる。"
"jp_car_0118","honmen_parking_rules","parking","jp-parking.png","jp-parking.png","yes","消防署や消防水利の標識から5メートル以内は、駐車が禁止されている。"
"jp_car_0119","honmen_parking_rules","parking","jp-parking.png","jp-parking.png","yes","夜間に道路上で駐車する場合、車幅灯または尾灯をつける必要はない場所もある。"
"jp_car_0120","honmen_parking_rules","parking","jp-parking.png","jp-parking.png","yes","坂道で駐車する際は、輪止めを使用するなど、車が動き出さないようにする対策が望ましい。"
"jp_car_0121","honmen_parking_rules","parking","jp-parking.png","jp-parking.png","yes","車庫や駐車場の出入口から3メートル以内の道路上は、駐車禁止とされている。"
"jp_car_0122","honmen_parking_rules","pedestrian_crosswalk","jp-pedestrian-cross.png","jp-pedestrian-cross.png","yes","横断歩道とその前後5メートル以内は、停車も駐車も禁止されている。"
"jp_car_0123","honmen_parking_rules","parking","jp-parking.png","jp-parking.png","yes","荷物の積み下ろしのために短時間止まる場合は、運転者が車を離れていても「停車」として扱われる。"
"jp_car_0124","honmen_parking_rules","parking","jp-parking.png","jp-parking.png","yes","駐車場以外の道路に駐車する際は、他の交通の妨げにならないよう道路の左側に沿って止める必要がある。"
"jp_car_0125","honmen_parking_rules","pedestrian_crosswalk","jp-pedestrian-cross.png","jp-pedestrian-cross.png","yes","駐車場に入る際は、歩道を横切る前に一時停止して歩行者の安全を確認する必要がある。"
"jp_car_0126","honmen_weather_night_driving","night","jp-night-road.png","jp-night-road.png","yes","夜間の運転では、対向車がいないときは早めにヘッドライトを上向き（ハイビーム）に切り替えるとよい。"
"jp_car_0127","honmen_weather_night_driving","wet_road","jp-wet-road.png","jp-wet-road.png","yes","雨天時はタイヤと路面の摩擦が減少するため、乾燥時よりも停止距離が長くなる。"
"jp_car_0128","honmen_weather_night_driving","fog","jp-fog-road.png","jp-fog-road.png","yes","霧の中を走行する際は、前照灯を上向き（ハイビーム）にすると視界が良くなる。"
"jp_car_0129","honmen_weather_night_driving","car_interior","jp-car-interior.png","jp-car-interior.png","yes","強い横風が吹く橋の上や開けた場所では、ハンドルを取られることがあるため、速度を落として走行することが望ましい。"
"jp_car_0130","honmen_weather_night_driving","car_interior","jp-car-interior.png","jp-car-interior.png","yes","雪道や凍結した道路では、急ハンドルや急ブレーキを避けて、ゆっくりとした操作を心がけるべきである。"
"jp_car_0131","honmen_weather_night_driving","parking","jp-parking.png","jp-parking.png","yes","夜間に駐停車する場合、原則として尾灯または駐車灯をつけておく必要がある。"
"jp_car_0132","honmen_weather_night_driving","night","jp-night-road.png","jp-night-road.png","yes","夜間、街灯のない道路を走行する際は、対向車のライトだけを頼りにすればよく、自車のライトの調整は不要である。"
"jp_car_0133","honmen_weather_night_driving","wet_road","jp-wet-road.png","jp-wet-road.png","yes","夜間に雨が降っている場合、路面の水たまりが街灯やヘッドライトを反射して、道路の凹凸や白線が見えにくくなることがある。"
"jp_car_0134","honmen_weather_night_driving","wet_road","jp-wet-road.png","jp-wet-road.png","yes","雷雨や竜巻が発生した場合、すぐに安全な場所に車を止めて様子を見ることが望ましい。"
"jp_car_0135","honmen_weather_night_driving","pedestrian_crosswalk","jp-pedestrian-cross.png","jp-pedestrian-cross.png","yes","夕暮れ時（薄暮）は、ドライバーから歩行者が見えにくくなるだけで、歩行者からドライバーの車も見えにくくなることはない。"
"jp_car_0136","honmen_weather_night_driving","wet_road","jp-wet-road.png","jp-wet-road.png","yes","深い水たまりを走行した直後は、ブレーキの効きが悪くなることがあるため、低速で軽くブレーキを数回踏んで効き具合を確認するとよい。"
"jp_car_0137","honmen_weather_night_driving","fog","jp-fog-road.png","jp-fog-road.png","yes","夜間運転時、サングラスのような濃い色のレンズの眼鏡をかけて運転するのは、視界確保のために推奨される。"
"jp_car_0138","honmen_weather_night_driving","topic_default","jp-wet-road.png","jp-wet-road.png","yes","猛暑の中での長距離運転では、定期的に休憩を取り水分補給をすることが熱中症予防に役立つ。"
"jp_car_0139","honmen_weather_night_driving","night","jp-night-road.png","jp-night-road.png","yes","トンネルに入る直前は周囲の明るさに比べて急に暗くなるため、進入前に速度を落として目を慣れさせる時間を作るのが安全である。"
"jp_car_0140","honmen_weather_night_driving","warning","jp-warning.png","jp-warning.png","yes","台風接近時に視界不良や強風で運転が危険と感じた場合、運転を中止して安全な場所に避難するという判断は適切である。"
"jp_car_0141","karimen_road_signs","stop","jp-stop.png","jp-stop.png","yes","逆三角形の「止まれ」の標識がある交差点では、停止線の直前で完全に停止しなければならない。"
"jp_car_0142","karimen_road_signs","warning","jp-warning.png","jp-warning.png","yes","警戒標識は、黄色地に黒枠の正三角形で表され、前方の危険な状況を予告するものである。"
"jp_car_0143","karimen_road_signs","speed_limit","jp-speed-limit.png","jp-speed-limit.png","yes","規制標識には、赤い縁取りの丸い標識だけでなく、青色の丸い標識もある。"
"jp_car_0144","karimen_road_signs","one_way","jp-one-way.png","jp-one-way.png","yes","「一方通行」の標識がある道路では、矢印で示された方向以外へ進行してはならない。"
"jp_car_0145","karimen_road_signs","parking","jp-parking.png","jp-parking.png","yes","「駐車禁止」の標識がある場所でも、5分以内の荷物の積み下ろしのために停車することは認められる。"
"jp_car_0146","karimen_road_signs","no_overtaking","jp-no-overtaking.png","jp-no-overtaking.png","yes","「追い越し禁止」の標識がある区間では、前方の車両を追い越すために進路変更をして前に出てはならない。"
"jp_car_0147","karimen_road_signs","no_overtaking","jp-no-overtaking.png","jp-no-overtaking.png","yes","「追い越しのための右側部分はみ出し通行禁止」の標識がある区間では、追い越し自体がすべて禁止される。"
"jp_car_0148","karimen_road_signs","speed_limit","jp-speed-limit.png","jp-speed-limit.png","yes","「最高速度」の標識に表示された数字は、その区間で出してもよい速度の上限を示している。"
"jp_car_0149","karimen_road_signs","speed_limit","jp-speed-limit.png","jp-speed-limit.png","yes","「最低速度」の標識がある高速道路の区間では、表示された速度未満で走行してはならない。"
"jp_car_0150","karimen_road_signs","topic_default","jp-warning.png","jp-warning.png","yes","補助標識は単独で設置されることはなく、必ず本標識と組み合わせて意味を補足するために使われる。"
"jp_car_0151","karimen_road_signs","warning","jp-warning.png","jp-warning.png","yes","「幅員減少」の標識は、警戒標識の一種で、前方の道路の幅が狭くなることを予告している。"
"jp_car_0152","karimen_road_signs","warning","jp-warning.png","jp-warning.png","yes","「踏切あり」の標識は警戒標識であり、前方に鉄道の踏切があることを知らせている。"
"jp_car_0153","karimen_road_signs","topic_default","jp-warning.png","jp-warning.png","yes","案内標識は、交通の規制や指示を目的とし、方向や地名などの情報は示さない。"
"jp_car_0154","karimen_road_signs","pedestrian_crosswalk","jp-pedestrian-cross.png","jp-pedestrian-cross.png","yes","「一時停止」の標識がある場所では、他に車も歩行者もいないと確認できても、必ず停止しなければならない。"
"jp_car_0155","karimen_road_signs","intersection","jp-intersection.png","jp-intersection.png","yes","「Uターン禁止」の標識がある区間では、転回はできないが、右折することは禁止されていない。"
"jp_car_0156","karimen_road_signs","no_entry","jp-no-entry.png","jp-no-entry.png","yes","「大型貨物自動車等通行止め」の標識がある道路には、普通乗用自動車も通行することができない。"
"jp_car_0157","karimen_road_signs","topic_default","jp-warning.png","jp-warning.png","yes","「徐行」の標識がある場所では、完全に停止する必要はないが、すぐに停止できる速度まで減速しなければならない。"
"jp_car_0158","karimen_road_signs","give_way","jp-give-way.png","jp-give-way.png","yes","「優先道路」であることを示す標識がある道路は、交差する他の道路よりも優先的に通行することができる。"
"jp_car_0159","karimen_road_signs","parking","jp-parking.png","jp-parking.png","yes","「駐車余地」の標識に表示された数字は、駐車する際に道路の反対側に空けておくべき余地の幅をメートルで示している。"
"jp_car_0160","karimen_road_signs","road_markings","jp-road-markings.png","jp-road-markings.png","yes","「路線バス等優先通行帯」の車線は、路線バス以外の車両は一切通行することができない。"
"jp_car_0161","karimen_road_signs","pedestrian_crosswalk","jp-pedestrian-cross.png","jp-pedestrian-cross.png","yes","「通行止め」の標識がある道路は、車両だけでなく歩行者もすべて通行することができない。"
"jp_car_0162","karimen_road_signs","pedestrian_crosswalk","jp-pedestrian-cross.png","jp-pedestrian-cross.png","yes","「安全地帯」の標識がある場所は、路面電車の乗降客などの安全を確保するための区域である。"
"jp_car_0163","karimen_road_signs","warning","jp-warning.png","jp-warning.png","yes","規制標識と警戒標識では、警戒標識のほうが法的な拘束力が強く、必ず従わなければならない。"
"jp_car_0164","karimen_right_of_way","give_way","jp-give-way.png","jp-give-way.png","yes","優先道路であることを示す標識や道路標示がある道路を通行する車両は、交差点で徐行する必要がない。"
"jp_car_0165","karimen_right_of_way","intersection","jp-intersection.png","jp-intersection.png","yes","道路の幅が明らかに狭い道路から広い道路の交差点に進入する車両は、道路の幅にかかわらず先に交差点を通過できる。"
"jp_car_0166","karimen_right_of_way","stop","jp-stop.png","jp-stop.png","yes","サイレンを鳴らして走行する緊急自動車が近づいてきたときは、交差点を避けて道路の左側に寄り、一時停止しなければならない。"
"jp_car_0167","karimen_right_of_way","topic_default","jp-intersection.png","jp-intersection.png","yes","路面電車が走行しているときは、後方から進行する自動車は原則として追い越してはならない。"
"jp_car_0168","karimen_right_of_way","topic_default","jp-intersection.png","jp-intersection.png","yes","山道で行き違いが困難な場合、上り坂を走行している車両が道を譲り、下り坂の車両を先に通行させなければならない。"
"jp_car_0169","karimen_right_of_way","topic_default","jp-intersection.png","jp-intersection.png","yes","路線バスが停留所から発進しようとして合図を出しているときは、後続車はできる限り進路を譲らなければならない。"
"jp_car_0170","karimen_right_of_way","stop","jp-stop.png","jp-stop.png","yes","自転車横断帯を自転車が横断しているときでも、車両は自転車の通過を待たずに先に通行してよい。"
"jp_car_0171","karimen_right_of_way","pedestrian_crosswalk","jp-pedestrian-cross.png","jp-pedestrian-cross.png","yes","横断歩道を渡っている歩行者がいる場合、車両はその歩行者の通行を妨げてはならない。"
"jp_car_0172","karimen_right_of_way","pedestrian_crosswalk","jp-pedestrian-cross.png","jp-pedestrian-cross.png","yes","右折待ちの車両は、対向車線の直進車や左折車だけでなく、横断中の歩行者や自転車にも道を譲らなければならない。"
"jp_car_0173","karimen_right_of_way","give_way","jp-give-way.png","jp-give-way.png","yes","私有地の駐車場から道路に出るときは、道路標示に優先道路の表示がなければ、道路を走行する車両より先に出てよい。"
"jp_car_0174","karimen_right_of_way","roundabout","jp-roundabout.png","jp-roundabout.png","yes","ラウンドアバウト（環状交差点）に進入する車両は、すでに環道を通行している車両の進行を妨げてはならない。"
"jp_car_0175","karimen_right_of_way","pedestrian_crosswalk","jp-pedestrian-cross.png","jp-pedestrian-cross.png","yes","スクールバスが停車して子供を乗り降りさせているとき、後続車は日本の法律上、必ず一時停止しなければならない。"
"jp_car_0176","karimen_right_of_way","pedestrian_crosswalk","jp-pedestrian-cross.png","jp-pedestrian-cross.png","yes","左折する車両は、その左折先の道路を直進する自転車や横断する歩行者の通行を優先させなければならない。"
"jp_car_0177","karimen_right_of_way","give_way","jp-give-way.png","jp-give-way.png","yes","交差点内に優先道路を示す道路標示（ひし形の白線）がある場合、その道路を通行する車両が優先される。"
"jp_car_0178","karimen_right_of_way","stop","jp-stop.png","jp-stop.png","yes","一時停止の標識がなく道幅もほぼ同じ交差点で、両方の車両が同時に交差点に到達した場合、大型車が優先される。"
"jp_car_0179","karimen_speed_limits_parking","speed_limit","jp-speed-limit.png","jp-speed-limit.png","yes","標識による指定がない一般道路での原動機付自転車の最高速度は、時速30キロメートルである。"
"jp_car_0180","karimen_speed_limits_parking","parking","jp-parking.png","jp-parking.png","yes","消火栓や消防用防火水槽の位置から5メートル以内であれば、駐車しても違反にならない。"
"jp_car_0181","karimen_speed_limits_parking","parking","jp-parking.png","jp-parking.png","yes","交差点の側端から5メートル以内の道路には、駐車も停車もしてはならない。"
"jp_car_0182","karimen_speed_limits_parking","pedestrian_crosswalk","jp-pedestrian-cross.png","jp-pedestrian-cross.png","yes","横断歩道またはその端から前後5メートル以内の場所は、駐停車が禁止されている。"
"jp_car_0183","karimen_speed_limits_parking","parking","jp-parking.png","jp-parking.png","yes","バス停留所の標識がある位置から10メートル以内であれば、バスの運行時間外はいつでも駐車できる。"
"jp_car_0184","karimen_speed_limits_parking","speed_limit","jp-speed-limit.png","jp-speed-limit.png","yes","高速道路の本線車道以外の一般道路において、標識で特に指定がない場合の法定最高速度は時速60キロメートルである。"
"jp_car_0185","karimen_speed_limits_parking","parking","jp-parking.png","jp-parking.png","yes","坂の頂上付近や勾配の急な坂道は、追い越しをしなければ駐車しても問題ない。"
"jp_car_0186","karimen_speed_limits_parking","parking","jp-parking.png","jp-parking.png","yes","トンネルの中は、車両の交換所として指定された場所を除き、駐車も停車も禁止されている。"
"jp_car_0187","karimen_speed_limits_parking","parking","jp-parking.png","jp-parking.png","yes","駐車する際は、他の交通の妨げにならないように道路の左端に沿って止め、道路と並行に停める必要がある。"
"jp_car_0188","karimen_speed_limits_parking","parking","jp-parking.png","jp-parking.png","yes","「駐車余地」の標示がある場所では、対象の余地を確保しなくても、運転者が短時間で戻れば駐車してよい。"
"jp_car_0189","karimen_speed_limits_parking","parking","jp-parking.png","jp-parking.png","yes","火災報知機がある位置から1メートル以内の場所は、駐車が禁止されている。"
"jp_car_0190","karimen_speed_limits_parking","parking","jp-parking.png","jp-parking.png","yes","標識のない住宅街の道路であっても、他の交通の妨げになる場所には駐車してはならない。"
"jp_car_0191","karimen_speed_limits_parking","parking","jp-parking.png","jp-parking.png","yes","高速道路の本線車道では、故障などのやむを得ない場合を除き、路肩に駐停車することは認められている。"
"jp_car_0192","karimen_speed_limits_parking","parking","jp-parking.png","jp-parking.png","yes","駐車するときは、サイドブレーキ（駐車ブレーキ）を確実にかけ、車両が動き出さないようにしなければならない。"
"jp_car_0193","karimen_speed_limits_parking","parking","jp-parking.png","jp-parking.png","yes","坂道に駐車する際は、車両が動き出さないよう、タイヤに輪止めをかけるなどの措置をとることが望ましい。"
"jp_car_0194","honmen_expressway","expressway","jp-expressway.png","jp-expressway.png","yes","高速道路の本線車道の合流地点では、加速車線を使って本線を走行する車両の速度に合わせてから合流しなければならない。"
"jp_car_0195","honmen_expressway","expressway","jp-expressway.png","jp-expressway.png","yes","高速道路を走行中に眠気や疲労を感じたときは、無理をせずサービスエリアやパーキングエリアで休憩をとるべきである。"
"jp_car_0196","honmen_expressway","parking","jp-parking.png","jp-parking.png","yes","高速道路の路側帯（路肩）は、渋滞時に一般車両が走行してもよい車線として認められている。"
"jp_car_0197","honmen_expressway","speed_limit","jp-speed-limit.png","jp-speed-limit.png","yes","高速道路を走行する大型貨物自動車や大型乗用自動車の最高速度は、普通自動車と異なり時速80キロメートルに定められている場合がある。"
"jp_car_0198","honmen_expressway","expressway","jp-expressway.png","jp-expressway.png","yes","高速道路の出口や分岐点の手前では、案内標識に従って早めに車線変更をしておくことが望ましい。"
"jp_car_0199","honmen_expressway","stop","jp-stop.png","jp-stop.png","yes","高速道路の本線を走行中、前方に故障車を発見した場合は、追い越し車線に一時停止して様子を確認するのがよい。"
"jp_car_0200","honmen_expressway","expressway","jp-expressway.png","jp-expressway.png","yes","高速道路で車両が故障した場合は、ハザードランプを点灯させ、後方に停止表示器材（三角表示板など）を置いて安全を確保する。"
"jp_car_0201","honmen_expressway","expressway","jp-expressway.png","jp-expressway.png","yes","高速道路の本線車道から流出（出口）する際は、あらかじめ減速車線に入ってから速度を落とすようにする。"
"jp_car_0202","honmen_expressway","expressway","jp-expressway.png","jp-expressway.png","yes","高速道路では、前の車との車間距離は速度に関係なく常に10メートルあれば十分である。"
"jp_car_0203","honmen_expressway","expressway","jp-expressway.png","jp-expressway.png","yes","高速道路の本線車道を走行するときは、原則として最も右側の車線を追い越しのためだけに使用し、それ以外は走行車線を利用する。"
"jp_car_0204","honmen_expressway","wet_road","jp-wet-road.png","jp-wet-road.png","yes","雪道や凍結のおそれがある区間で「チェーン規制」の標識が出されている場合は、タイヤチェーンなどの滑り止めを装着しなければ通行できない。"
"jp_car_0205","honmen_expressway","parking","jp-parking.png","jp-parking.png","yes","高速道路の本線に停止表示板を出しておけば、路上に長時間駐車したままでも問題ない。"
"jp_car_0206","honmen_expressway","pedestrian_crosswalk","jp-pedestrian-cross.png","jp-pedestrian-cross.png","yes","高速道路には、原則として歩行者、自転車、原動機付自転車は通行することができない。"
"jp_car_0207","honmen_expressway","expressway","jp-expressway.png","jp-expressway.png","yes","高速道路の本線車道に工事などによる車線減少がある場合は、案内に従って早めに車線変更をしなければならない。"
"jp_car_0208","honmen_expressway","expressway","jp-expressway.png","jp-expressway.png","yes","高速道路のトンネル内では、他の区間よりも車間距離を短くしてもよい。"
"jp_car_0209","honmen_expressway","expressway","jp-expressway.png","jp-expressway.png","yes","高速道路のジャンクション（JCT）付近は車線変更が多いため、早めにウインカーを出して周囲に合図する必要がある。"
"jp_car_0210","honmen_expressway","expressway","jp-expressway.png","jp-expressway.png","yes","高速道路を連続して長時間走行するときは、概ね2時間ごとに休憩をとることが推奨されている。"
"jp_car_0211","honmen_expressway","expressway","jp-expressway.png","jp-expressway.png","yes","高速道路の登坂車線（のぼり坂で設けられる車線）は、速度の速い車が追い越しのために使う車線である。"
"jp_car_0212","honmen_expressway","expressway","jp-expressway.png","jp-expressway.png","yes","高速道路の本線車道への進入は、加速車線で十分に加速したうえで、後方の安全を確認してから行う。"
"jp_car_0213","honmen_expressway","expressway","jp-expressway.png","jp-expressway.png","yes","高速道路で前の車が急ブレーキをかけて速度が急激に落ちたときは、後続車にハザードランプで知らせることができる。"
"jp_car_0214","honmen_expressway","stop","jp-stop.png","jp-stop.png","yes","ETC専用レーンは、ETCを搭載していない車両でも一時停止すれば通行することができる。"
"jp_car_0215","honmen_expressway","no_entry","jp-no-entry.png","jp-no-entry.png","yes","高速道路上で気象警報などにより通行止めとなった場合は、最寄りの出口やインターチェンジで一般道路に降りなければならない。"
"jp_car_0216","honmen_expressway","expressway","jp-expressway.png","jp-expressway.png","yes","高速道路の本線車道を走行中にやむを得ず低速で走行する必要がある場合は、ハザードランプを点灯させて後続車に注意を促すことが望ましい。"
"jp_car_0217","honmen_expressway","expressway","jp-expressway.png","jp-expressway.png","yes","高速道路での正しい車間距離は、車の大きさだけで決まり、速度は関係ない。"
"jp_car_0218","honmen_expressway","expressway","jp-expressway.png","jp-expressway.png","yes","高速道路の合流部分で本線を走行している車両は、合流してくる車両にできる限り進路を譲るよう配慮することが望ましい。"
"jp_car_0219","honmen_expressway","expressway","jp-expressway.png","jp-expressway.png","yes","高速道路の分岐点で行き先を間違えた場合でも、本線上でバックしたり停止して引き返そうとしてはならない。"
"jp_car_0220","honmen_expressway","expressway","jp-expressway.png","jp-expressway.png","yes","高速道路のサービスエリアやパーキングエリアには、一般道路から直接進入することができる。"
"jp_car_0221","honmen_expressway","expressway","jp-expressway.png","jp-expressway.png","yes","高速道路を走行中、強い横風が予想される橋やトンネルの出口付近では、速度を落として慎重に運転する必要がある。"
"jp_car_0222","honmen_expressway","speed_limit","jp-speed-limit.png","jp-speed-limit.png","yes","高速道路の本線車道での最低速度は、原則として時速50キロメートルと定められている。"
"jp_car_0223","honmen_expressway","expressway","jp-expressway.png","jp-expressway.png","yes","高速道路の路肩に故障などでやむを得ず停止する場合、車内に留まって救助を待つのが最も安全である。"
"jp_car_0224","honmen_right_of_way_intersections","intersection","jp-intersection.png","jp-intersection.png","yes","交差点で右折しようとする車両は、右折の合図を交差点の30メートル手前で出さなければならない。"
"jp_car_0225","honmen_right_of_way_intersections","intersection","jp-intersection.png","jp-intersection.png","yes","交差点内で右折待ちをする車両は、対向車の直進・左折の妨げにならないよう、交差点の中央付近で待つのが基本である（軽自動車・普通自動車の場合）。"
"jp_car_0226","honmen_right_of_way_intersections","intersection","jp-intersection.png","jp-intersection.png","yes","信号が黄色に変わった瞬間に交差点に進入していない場合は、交差点の直前で停止しなくてもそのまま進行してよい。"
"jp_car_0227","honmen_right_of_way_intersections","road_markings","jp-road-markings.png","jp-road-markings.png","yes","交差点で複数の対向車線がある場合、右折する車両はすべての車線から来る直進車や自転車、二輪車に注意しなければならない。"
"jp_car_0228","honmen_right_of_way_intersections","give_way","jp-give-way.png","jp-give-way.png","yes","見通しの悪い交差点に近づくときは、たとえ自分の道路が優先道路であっても速度を落として周囲を確認するべきである。"
"jp_car_0229","honmen_right_of_way_intersections","stop","jp-stop.png","jp-stop.png","yes","一時停止の標識がある交差点で、明らかに他の車がいないと確認できれば、停止線で完全に停止しなくてもよい。"
"jp_car_0230","honmen_right_of_way_intersections","roundabout","jp-roundabout.png","jp-roundabout.png","yes","環状交差点（ラウンドアバウト）内を走行している車両は、退出する際に合図（ウインカー）を出さなければならない。"
"jp_car_0231","honmen_right_of_way_intersections","intersection","jp-intersection.png","jp-intersection.png","yes","交差点を左折するときは、あらかじめできるだけ道路の左端に寄り、大回りにならないように小回りで曲がる。"
"jp_car_0232","honmen_right_of_way_intersections","intersection","jp-intersection.png","jp-intersection.png","yes","交差点を右折するときは、できるだけ道路の左側に寄ってから、鋭角に曲がるのが基本である。"
"jp_car_0233","honmen_right_of_way_intersections","intersection","jp-intersection.png","jp-intersection.png","yes","交差点で信号が青でも、警察官が手信号で停止の指示をしている場合は、信号よりも警察官の指示に従わなければならない。"
"jp_car_0234","honmen_right_of_way_intersections","stop","jp-stop.png","jp-stop.png","yes","踏切の直前でも一時停止し、左右の安全を確認してから通過しなければならない。"
"jp_car_0235","honmen_right_of_way_intersections","warning","jp-warning.png","jp-warning.png","yes","踏切の遮断機が上がり始めたら、電車が接近していないことが確定するので、確認せずに進行してよい。"
"jp_car_0236","honmen_right_of_way_intersections","intersection","jp-intersection.png","jp-intersection.png","yes","交差点で対向車が右折待ちをしているとき、こちらが直進する場合は、原則としてこちらの直進が優先される。"
"jp_car_0237","honmen_right_of_way_intersections","stop","jp-stop.png","jp-stop.png","yes","見通しの悪い十字路で、双方に一時停止の標識がある場合は、両方の車両が停止線で完全に停止してから、安全を確認して進行する。"
"jp_car_0238","honmen_right_of_way_intersections","intersection","jp-intersection.png","jp-intersection.png","yes","交差点内で渋滞により前方が詰まっている場合でも、信号が青であれば交差点内に進入してよい。"
"jp_car_0239","honmen_right_of_way_intersections","road_markings","jp-road-markings.png","jp-road-markings.png","yes","信号機のある交差点を右折する際、対向車線を横切るときは自転車専用の信号がある場合、それにも従わなければならない。"
"jp_car_0240","honmen_right_of_way_intersections","warning","jp-warning.png","jp-warning.png","yes","踏切の先が渋滞していて踏切内で止まってしまうおそれがあるときは、踏切の手前で停止して踏切内に入ってはならない。"
"jp_car_0241","honmen_right_of_way_intersections","intersection","jp-intersection.png","jp-intersection.png","yes","交差点で複数の車両が同時に右折・左折・直進をする場合、最も車体の大きい車両が優先される。"
"jp_car_0242","honmen_right_of_way_intersections","pedestrian_crosswalk","jp-pedestrian-cross.png","jp-pedestrian-cross.png","yes","押しボタン式信号のある交差点でボタンを押していない場合、歩行者用信号は自動的に青にならないことがある。"
"jp_car_0243","honmen_right_of_way_intersections","intersection","jp-intersection.png","jp-intersection.png","yes","交差点で対向車が右折の合図（ウインカー）を出していても、実際に進路を譲られるまでは直進を続けてよい。"
"jp_car_0244","honmen_right_of_way_intersections","emergency","jp-ambulance.png","jp-ambulance.png","yes","交差点内で緊急自動車がサイレンを鳴らして接近してきた場合、青信号であれば止まらずにそのまま交差点を通過してよい。"
"jp_car_0245","honmen_right_of_way_intersections","road_markings","jp-road-markings.png","jp-road-markings.png","yes","交差点を通過するときは、対向車線からの右折車だけでなく、歩道から急に出てくる自転車にも注意しなければならない。"
"jp_car_0246","honmen_road_signs_signals","intersection","jp-intersection.png","jp-intersection.png","yes","黄色の点滅信号は、他の交通に注意しながら進行してもよいことを示している。"
"jp_car_0247","honmen_road_signs_signals","stop","jp-stop.png","jp-stop.png","yes","赤色の点滅信号は、一時停止をしたのちに安全を確認してから進行しなければならないことを示している。"
"jp_car_0248","honmen_road_signs_signals","intersection","jp-intersection.png","jp-intersection.png","yes","矢印式信号のすべての矢印が消えて赤色のみが点灯している場合、直進はできないが右折だけは常にできる。"
"jp_car_0249","honmen_road_signs_signals","pedestrian_crosswalk","jp-pedestrian-cross.png","jp-pedestrian-cross.png","yes","押しボタン式信号がある横断歩道では、歩行者がボタンを押さない限り、青信号にならないことがある。"
"jp_car_0250","honmen_road_signs_signals","pedestrian_crosswalk","jp-pedestrian-cross.png","jp-pedestrian-cross.png","yes","歩車分離式信号のある交差点では、車両用信号が青でも、歩行者用信号が青の間は歩行者が交差点内を横断できる。"
"jp_car_0251","honmen_road_signs_signals","intersection","jp-intersection.png","jp-intersection.png","yes","信号機が故障して滅灯している交差点では、車両は特に注意する必要はなく、通常通り通行してよい。"
"jp_car_0252","honmen_road_signs_signals","pedestrian_crosswalk","jp-pedestrian-cross.png","jp-pedestrian-cross.png","yes","警察官が両腕を左右に水平に上げて交通整理をしているときは、その体の正面・背面に対する交通は停止しなければならない。"
"jp_car_0253","honmen_road_signs_signals","pedestrian_crosswalk","jp-pedestrian-cross.png","jp-pedestrian-cross.png","yes","「右折可」の補助標識がある信号で赤矢印以外が赤信号のときでも、対向車や歩行者に注意すれば右折できる場合がある。"
"jp_car_0254","honmen_road_signs_signals","warning","jp-warning.png","jp-warning.png","yes","踏切の信号が青色に変わっていれば、遮断機が下りていても通過してよい。"
"jp_car_0255","honmen_road_signs_signals","pedestrian_crosswalk","jp-pedestrian-cross.png","jp-pedestrian-cross.png","yes","「歩行者専用」の標識がある道路や区域には、原則として車両は進入できない。"
"jp_car_0256","honmen_road_signs_signals","road_markings","jp-road-markings.png","jp-road-markings.png","yes","「自転車横断帯」を示す標示は、自転車が横断するための場所であることを示している。"
"jp_car_0257","honmen_road_signs_signals","pedestrian_crosswalk","jp-pedestrian-cross.png","jp-pedestrian-cross.png","yes","「学校、幼稚園、保育所等あり」の標識がある区間では、必ず一時停止しなければならない。"
"jp_car_0258","honmen_road_signs_signals","intersection","jp-intersection.png","jp-intersection.png","yes","対面信号機が青色矢印（左向き）のみを表示しているときは、その方向への進行のみが認められる。"
"jp_car_0259","honmen_road_signs_signals","night","jp-night-road.png","jp-night-road.png","yes","トンネルの入口手前にある「ライト点灯」の標識は、ヘッドライトを点灯させるよう指示するものである。"
"jp_car_0260","honmen_road_signs_signals","intersection","jp-intersection.png","jp-intersection.png","yes","対面する信号が黄色に変わったときは、安全に停止できる場合は停止しなければならない。"
"jp_car_0261","honmen_road_signs_signals","one_way","jp-one-way.png","jp-one-way.png","yes","「一方通行」の標識がある道路の逆走は、重大な交通違反となる。"
"jp_car_0262","honmen_road_signs_signals","intersection","jp-intersection.png","jp-intersection.png","yes","手信号による交通整理をしている警察官がいる場合でも、信号機の表示が優先される。"
"jp_car_0263","honmen_road_signs_signals","parking","jp-parking.png","jp-parking.png","yes","「駐車禁止」を示す道路標示（黄色の破線など）は、標識と同様の効力を持つ。"
"jp_car_0264","honmen_road_signs_signals","warning","jp-warning.png","jp-warning.png","yes","信号機のない踏切には「踏切あり」の警戒標識が設置されている。"
"jp_car_0265","honmen_road_signs_signals","pedestrian_crosswalk","jp-pedestrian-cross.png","jp-pedestrian-cross.png","yes","信号が青色に変わった直後は、対向車や歩行者の有無を確認せずにすぐ発進してよい。"
"jp_car_0266","honmen_road_signs_signals","road_markings","jp-road-markings.png","jp-road-markings.png","yes","交差点の手前にある「進行方向別通行区分」の標示は、車線ごとに進める方向を指定するものである。"
"jp_car_0267","honmen_road_signs_signals","topic_default","jp-warning.png","jp-warning.png","yes","「終わり」の補助標識が付いた規制標識は、そこから先はその規制が解除されることを示している。"
"jp_car_0268","honmen_hazard_prediction_illustration","warning","jp-warning.png","jp-warning.png","yes","次の場面を見て、ア〜ウの各記述が正しいか誤りか答えなさい。

住宅街の交差点に近づいている。左側の電柱の陰になっていて見通しが悪い。最も注意すべき危険は何か。"
"jp_car_0269","honmen_hazard_prediction_illustration","parking","jp-parking.png","jp-parking.png","yes","次の場面を見て、ア〜ウの各記述が正しいか誤りか答えなさい。

道路の左側に駐車している車両の脇を通過しようとしている。運転席側にドライバーの姿が見える。最も注意すべき危険は何か。"
"jp_car_0270","honmen_hazard_prediction_illustration","parking","jp-parking.png","jp-parking.png","yes","次の場面を見て、ア〜ウの各記述が正しいか誤りか答えなさい。

前方の路線バスが停留所に停車し、乗客が乗り降りしている。バスの前方は死角になっている。最も注意すべき危険は何か。"
"jp_car_0271","honmen_hazard_prediction_illustration","no_overtaking","jp-no-overtaking.png","jp-no-overtaking.png","yes","次の場面を見て、ア〜ウの各記述が正しいか誤りか答えなさい。

商店街の狭い道路で、荷物を積んだ台車を押す高齢者が車道側にはみ出して歩いている。最も注意すべき危険は何か。"
"jp_car_0272","honmen_hazard_prediction_illustration","pedestrian_crosswalk","jp-pedestrian-cross.png","jp-pedestrian-cross.png","yes","次の場面を見て、ア〜ウの各記述が正しいか誤りか答えなさい。

夜間走行中、対向車のヘッドライトがまぶしく、道路脇の歩行者が見えにくくなっている。最も注意すべき危険は何か。"
"jp_car_0273","honmen_hazard_prediction_illustration","warning","jp-warning.png","jp-warning.png","yes","次の場面を見て、ア〜ウの各記述が正しいか誤りか答えなさい。

大雨の後、道路の水たまりが広がっている。水たまりの下に道路の陥没が隠れている可能性がある。最も注意すべき危険は何か。"
"jp_car_0274","honmen_hazard_prediction_illustration","warning","jp-warning.png","jp-warning.png","yes","次の場面を見て、ア〜ウの各記述が正しいか誤りか答えなさい。

前方の交差点で対向車が右折待ちをしている。その陰からバイクが直進してくる可能性がある。最も注意すべき危険は何か。"
"jp_car_0275","honmen_hazard_prediction_illustration","pedestrian_crosswalk","jp-pedestrian-cross.png","jp-pedestrian-cross.png","yes","次の場面を見て、ア〜ウの各記述が正しいか誤りか答えなさい。

下校時間帯の住宅街の道路で、複数の子供たちが横に広がっておしゃべりをしながら歩いている。最も注意すべき危険は何か。"
"jp_car_0276","honmen_hazard_prediction_illustration","warning","jp-warning.png","jp-warning.png","yes","次の場面を見て、ア〜ウの各記述が正しいか誤りか答えなさい。

高速道路の合流部分を走行中、加速車線から本線に強引に入ろうとしている車がいる。最も注意すべき危険は何か。"
"jp_car_0277","honmen_hazard_prediction_illustration","parking","jp-parking.png","jp-parking.png","yes","次の場面を見て、ア〜ウの各記述が正しいか誤りか答えなさい。

交差点近くのコンビニエンスストアの駐車場から、車が左右を確認せずに道路へ出てこようとしている。最も注意すべき危険は何か。"
"jp_car_0278","honmen_hazard_prediction_illustration","pedestrian_crosswalk","jp-pedestrian-cross.png","jp-pedestrian-cross.png","yes","次の場面を見て、ア〜ウの各記述が正しいか誤りか答えなさい。

住宅街の細い道路で、ボールが道路に転がり出てきた。ボールを追いかけて子供が飛び出してくる可能性がある。最も注意すべき危険は何か。"
"jp_car_0279","honmen_hazard_prediction_illustration","warning","jp-warning.png","jp-warning.png","yes","次の場面を見て、ア〜ウの各記述が正しいか誤りか答えなさい。

霧が発生している山道のカーブに差し掛かっている。視界が非常に悪く、前方がほとんど見えない。最も注意すべき危険は何か。"
"jp_car_0280","honmen_hazard_prediction_illustration","warning","jp-warning.png","jp-warning.png","yes","次の場面を見て、ア〜ウの各記述が正しいか誤りか答えなさい。

踏切の手前で、遮断機が下りかけている状態にもかかわらず、無理に渡ろうとしている自転車がいる。最も注意すべき危険は何か。"
"jp_car_0281","honmen_hazard_prediction_illustration","parking","jp-parking.png","jp-parking.png","yes","次の場面を見て、ア〜ウの各記述が正しいか誤りか答えなさい。

前方に宅配トラックが停車し、ハザードランプを点灯させている。運転手が荷物を運んでいる可能性がある。最も注意すべき危険は何か。"
"jp_car_0282","honmen_hazard_prediction_illustration","pedestrian_crosswalk","jp-pedestrian-cross.png","jp-pedestrian-cross.png","yes","次の場面を見て、ア〜ウの各記述が正しいか誤りか答えなさい。

街灯の少ない夜間の道路で、黒っぽい服を着た歩行者が道路の端を歩いている。最も注意すべき危険は何か。"
"jp_car_0283","honmen_hazard_prediction_illustration","warning","jp-warning.png","jp-warning.png","yes","次の場面を見て、ア〜ウの各記述が正しいか誤りか答えなさい。

雪の積もった道路を走行中、前方の車がブレーキをかけてスリップしそうな様子を見せている。最も注意すべき危険は何か。"
"jp_car_0284","honmen_hazard_prediction_illustration","pedestrian_crosswalk","jp-pedestrian-cross.png","jp-pedestrian-cross.png","yes","次の場面を見て、ア〜ウの各記述が正しいか誤りか答えなさい。

交差点の信号が青に変わった直後、横断歩道をまだ渡りきれていない高齢の歩行者がいる。最も注意すべき危険は何か。"
"jp_car_0285","honmen_hazard_prediction_illustration","no_overtaking","jp-no-overtaking.png","jp-no-overtaking.png","yes","次の場面を見て、ア〜ウの各記述が正しいか誤りか答えなさい。

追い越し禁止区間の直線道路で、速度の遅い農耕用トラクターの後ろを走行している。最も注意すべき危険は何か。"
"jp_car_0286","honmen_hazard_prediction_illustration","parking","jp-parking.png","jp-parking.png","yes","次の場面を見て、ア〜ウの各記述が正しいか誤りか答えなさい。

駅前のロータリーで、タクシーが客待ちのために急な停車と発進を繰り返している。最も注意すべき危険は何か。"
"jp_car_0287","honmen_hazard_prediction_illustration","warning","jp-warning.png","jp-warning.png","yes","次の場面を見て、ア〜ウの各記述が正しいか誤りか答えなさい。

台風が接近している中を走行している。強風で道路脇の街路樹の枝が折れて落下してくる可能性がある。最も注意すべき危険は何か。"
"jp_car_0288","honmen_hazard_prediction_illustration","warning","jp-warning.png","jp-warning.png","yes","次の場面を見て、ア〜ウの各記述が正しいか誤りか答えなさい。

見通しの悪い山道のカーブに差し掛かっている。対向車がセンターラインを越えてくる可能性がある。最も注意すべき危険は何か。"
"jp_car_0289","honmen_hazard_prediction_illustration","parking","jp-parking.png","jp-parking.png","yes","次の場面を見て、ア〜ウの各記述が正しいか誤りか答えなさい。

住宅街の駐車場の出口付近を通行中、後退してくる車両に気づきにくい状況になっている。最も注意すべき危険は何か。"
"jp_car_0290","honmen_safe_driving_practices","topic_default","jp-car-interior.png","jp-car-interior.png","yes","運転中に眠気を感じた場合は、我慢して目的地まで運転を続けるべきである。"
"jp_car_0291","honmen_safe_driving_practices","topic_default","jp-car-interior.png","jp-car-interior.png","yes","飲酒運転は、少量であっても法律で固く禁じられている。"
"jp_car_0292","honmen_safe_driving_practices","car_interior","jp-car-interior.png","jp-car-interior.png","yes","シートベルトは運転者だけでなく、すべての座席の同乗者が着用する義務がある。"
"jp_car_0293","honmen_safe_driving_practices","topic_default","jp-car-interior.png","jp-car-interior.png","yes","走行中にスマートフォンを手に持って画面を注視することは、短時間であれば問題ない。"
"jp_car_0294","honmen_safe_driving_practices","car_interior","jp-car-interior.png","jp-car-interior.png","yes","車間距離は、前の車が急ブレーキをかけても衝突しないよう、速度に応じて十分にとる必要がある。"
"jp_car_0295","honmen_safe_driving_practices","topic_default","jp-car-interior.png","jp-car-interior.png","yes","自転車を追い越すときは、できるだけ広い間隔（約1メートル以上）を保つことが望ましい。"
"jp_car_0296","honmen_safe_driving_practices","intersection","jp-intersection.png","jp-intersection.png","yes","方向指示器（ウインカー）は、進路を変更する直前に出せば十分である。"
"jp_car_0297","honmen_safe_driving_practices","tyre","jp-tyre-check.png","jp-tyre-check.png","yes","エンジンをかける前に、シートの位置やミラーの角度を自分に合わせて調整することが大切である。"
"jp_car_0298","honmen_safe_driving_practices","fog","jp-fog-road.png","jp-fog-road.png","yes","サングラスをかけて夜間運転をすると、視界がより明るくなり安全性が高まる。"
"jp_car_0299","honmen_safe_driving_practices","tyre","jp-tyre-check.png","jp-tyre-check.png","yes","長距離運転をする前には、タイヤの空気圧やすり減り具合を点検することが望ましい。"
"jp_car_0300","honmen_safe_driving_practices","pedestrian_crosswalk","jp-pedestrian-cross.png","jp-pedestrian-cross.png","yes","車内に小さな子供を一人にして車を離れることは、熱中症などの危険があるため避けるべきである。"
"jp_car_0301","honmen_safe_driving_practices","warning","jp-warning.png","jp-warning.png","yes","クラクション（警音器）は、自分の存在を知らせたいときであればいつでも自由に鳴らしてよい。"
"jp_car_0302","honmen_safe_driving_practices","parking","jp-parking.png","jp-parking.png","yes","疲労や眠気を感じたときは、無理をせず安全な場所に停車して休憩をとるべきである。"
"jp_car_0303","honmen_safe_driving_practices","parking","jp-parking.png","jp-parking.png","yes","運転中にカーナビやオーディオを操作する場合は、安全な場所に停車してから行うのが望ましい。"
"jp_car_0304","honmen_safe_driving_practices","topic_default","jp-car-interior.png","jp-car-interior.png","yes","高齢者マークや初心者マークを付けた車には、幅寄せや割り込みをしても問題ない。"
"jp_car_0305","honmen_safe_driving_practices","warning","jp-warning.png","jp-warning.png","yes","急発進や急ブレーキは、事故やスリップの危険を高めるため、できるだけ避けるべきである。"
"jp_car_0306","honmen_safe_driving_practices","parking","jp-parking.png","jp-parking.png","yes","運転中に体調が悪くなった場合は、無理をせず安全な場所に車を止めて休むべきである。"
"jp_car_0307","honmen_safe_driving_practices","pedestrian_crosswalk","jp-pedestrian-cross.png","jp-pedestrian-cross.png","yes","荷物を車の窓から少しはみ出させて積んでも、落下しなければ問題ない。"
"jp_car_0308","honmen_safe_driving_practices","car_interior","jp-car-interior.png","jp-car-interior.png","yes","サンダルやハイヒールなど、ペダル操作がしにくい履物での運転は避けたほうがよい。"
"jp_car_0309","honmen_safe_driving_practices","car_interior","jp-car-interior.png","jp-car-interior.png","yes","運転中は、ラジオやエアコンの操作よりも、常に周囲の交通状況の確認を優先するべきである。"
"jp_car_0310","honmen_safe_driving_practices","night","jp-night-road.png","jp-night-road.png","yes","対向車のライトがまぶしいときは、自分のライトを上向き（ハイビーム）にして対抗するのがよい。"
"jp_car_0311","honmen_safe_driving_practices","pedestrian_crosswalk","jp-pedestrian-cross.png","jp-pedestrian-cross.png","yes","車両の後方に子供やペットがいないか、発進前に確認することが重要である。"
"jp_car_0312","honmen_safe_driving_practices","stop","jp-stop.png","jp-stop.png","yes","ブレーキを踏んでもすぐには止まれないため、「かもしれない運転」を意識して速度と車間距離を調整する。"
"jp_car_0313","honmen_safe_driving_practices","car_interior","jp-car-interior.png","jp-car-interior.png","yes","助手席の同乗者がシートベルトを着用していなくても、運転者に責任はない。"
"jp_car_0314","honmen_parking_rules","parking","jp-parking.png","jp-parking.png","yes","「駐車禁止」の標識がある場所では、運転者がその場を離れる駐車はできないが、荷物の積み下ろしなどの停車は認められる場合がある。"
"jp_car_0315","honmen_parking_rules","parking","jp-parking.png","jp-parking.png","yes","「駐停車禁止」の標識がある場所では、非常点滅表示灯（ハザードランプ）をつけていれば数分間の停車が認められる。"
"jp_car_0316","honmen_parking_rules","parking","jp-parking.png","jp-parking.png","yes","火災報知機から1メートル以内の場所は、駐車が禁止されている。"
"jp_car_0317","honmen_parking_rules","parking","jp-parking.png","jp-parking.png","yes","駐車場の出入口から3メートル以内の道路上は、駐車が禁止されている。"
"jp_car_0318","honmen_parking_rules","parking","jp-parking.png","jp-parking.png","yes","二重駐車（他の駐車車両に並んで駐車すること）は、短時間であれば問題ない。"
"jp_car_0319","honmen_parking_rules","parking","jp-parking.png","jp-parking.png","yes","坂道に駐車するときは、パーキングブレーキに加えて、タイヤに輪止めをかけるなどの転動防止措置をとることが望ましい。"
"jp_car_0320","honmen_parking_rules","parking","jp-parking.png","jp-parking.png","yes","駐車するときは、道路の左側端に沿って、進行方向と同じ向きに止めなければならない。"
"jp_car_0321","honmen_parking_rules","parking","jp-parking.png","jp-parking.png","yes","対面通行の道路であれば、進行方向と逆向きに駐車してもかまわない。"
"jp_car_0322","honmen_parking_rules","parking","jp-parking.png","jp-parking.png","yes","身体障害者用駐車区画は、許可を受けていない一般車両が駐車してはならない。"
"jp_car_0323","honmen_parking_rules","parking","jp-parking.png","jp-parking.png","yes","「時間制限駐車区間（パーキング・メーター等）」がある場所では、定められた時間を超えて駐車してはならない。"
"jp_car_0324","honmen_parking_rules","parking","jp-parking.png","jp-parking.png","yes","レッカー移動された違法駐車車両を取り戻す際には、保管料や移動料金がかかることはない。"
"jp_car_0325","honmen_parking_rules","parking","jp-parking.png","jp-parking.png","yes","「駐車余地」の標示がある道路では、指定された余地(メートル数)を確保できない場合は駐車してはならない。"
"jp_car_0326","honmen_parking_rules","parking","jp-parking.png","jp-parking.png","yes","消火栓や消防用防火水槽から5メートル以内の場所は、駐車が禁止されている。"
"jp_car_0327","honmen_parking_rules","pedestrian_crosswalk","jp-pedestrian-cross.png","jp-pedestrian-cross.png","yes","荷物の配達などのため、横断歩道の直前に数分間駐車することは認められている。"
"jp_car_0328","honmen_parking_rules","parking","jp-parking.png","jp-parking.png","yes","トンネルの中や幅の狭い橋の上は、原則として駐車も停車も禁止されている。"
"jp_car_0329","honmen_weather_night_driving","wet_road","jp-wet-road.png","jp-wet-road.png","yes","雨の日は路面が滑りやすくなるため、乾燥時よりも速度を落として車間距離を長くとる必要がある。"
"jp_car_0330","honmen_weather_night_driving","fog","jp-fog-road.png","jp-fog-road.png","yes","霧が発生しているときは、前照灯を下向き（ロービーム）にし、必要に応じて霧灯（フォグランプ）を使用するとよい。"
"jp_car_0331","honmen_weather_night_driving","fog","jp-fog-road.png","jp-fog-road.png","yes","霧の中では、視界を広げるためにハイビームを使用したほうがよい。"
"jp_car_0332","honmen_weather_night_driving","night","jp-night-road.png","jp-night-road.png","yes","夜間、対向車のライトがまぶしいときは、視線をやや左前方の道路端に向けるとよい。"
"jp_car_0333","honmen_weather_night_driving","car_interior","jp-car-interior.png","jp-car-interior.png","yes","雪道や凍結した路面では、急なハンドル操作や急ブレーキを避け、ゆっくりとした操作を心がける。"
"jp_car_0334","honmen_weather_night_driving","topic_default","jp-wet-road.png","jp-wet-road.png","yes","橋の上やトンネルの出入口は、他の道路部分よりも凍結しにくい。"
"jp_car_0335","honmen_weather_night_driving","warning","jp-warning.png","jp-warning.png","yes","台風接近時に視界不良や強風で危険を感じた場合は、無理をせず安全な場所に避難するのがよい。"
"jp_car_0336","honmen_weather_night_driving","night","jp-night-road.png","jp-night-road.png","yes","夜間走行では、先行車のテールランプとの距離感を頼りに車間距離を判断することが多い。"
"jp_car_0337","honmen_weather_night_driving","wet_road","jp-wet-road.png","jp-wet-road.png","yes","雨の日はワイパーを使えば、タイヤと路面の摩擦は乾燥時と変わらない。"
"jp_car_0338","honmen_weather_night_driving","wet_road","jp-wet-road.png","jp-wet-road.png","yes","大雨の後は、道路の低い場所やアンダーパスで冠水しているおそれがあるため注意が必要である。"
"jp_car_0339","honmen_weather_night_driving","pedestrian_crosswalk","jp-pedestrian-cross.png","jp-pedestrian-cross.png","yes","夜間は歩行者や自転車が見えにくくなるため、暗い色の服装の歩行者には特に注意しなければならない。"
"jp_car_0340","honmen_weather_night_driving","tyre","jp-tyre-check.png","jp-tyre-check.png","yes","雪が積もった道路では、タイヤチェーンを装着していれば、通常時と同じ速度で走行してよい。"
"jp_car_0341","honmen_weather_night_driving","fog","jp-fog-road.png","jp-fog-road.png","yes","霧や大雨などで視界が非常に悪いときは、ハザードランプを点灯させて自車の存在を周囲に知らせることがある。"
"jp_car_0342","honmen_weather_night_driving","car_interior","jp-car-interior.png","jp-car-interior.png","yes","強い横風が吹く橋の上やトンネルの出口付近では、ハンドルをとられないよう速度を落として走行する。"
"jp_car_0343","honmen_weather_night_driving","night","jp-night-road.png","jp-night-road.png","yes","夜間、フロントガラスが曇っているときは、走行しながら曇りが取れるのを待てばよい。"
"jp_car_0344","honmen_weather_night_driving","warning","jp-warning.png","jp-warning.png","yes","凍結した道路（ブラックアイスバーン）は、見た目では乾燥した路面と区別がつきにくく、非常に危険である。"
"jp_car_0345","honmen_weather_night_driving","wet_road","jp-wet-road.png","jp-wet-road.png","yes","雨の日に急ブレーキをかけると、タイヤがロックしてスリップしやすくなるため、ポンピングブレーキなどで対応する。"
"jp_car_0346","honmen_weather_night_driving","night","jp-night-road.png","jp-night-road.png","yes","夜間の運転では、道路照明が十分な市街地であれば、前照灯を点灯させなくてもよい。"
"jp_car_0347","honmen_weather_night_driving","wet_road","jp-wet-road.png","jp-wet-road.png","yes","大雪や暴風雨など気象状況が非常に悪いときは、不要不急の外出・運転を控えることが推奨される。"
"jp_car_0348","honmen_weather_night_driving","pedestrian_crosswalk","jp-pedestrian-cross.png","jp-pedestrian-cross.png","yes","朝日や夕日が正面から差し込むときは、まぶしさで信号や歩行者が見えにくくなるため、サンバイザーなどで対策する。"
"jp_car_0349","honmen_weather_night_driving","wet_road","jp-wet-road.png","jp-wet-road.png","yes","雨の日にハイドロプレーニング現象が起きた場合は、すぐにブレーキを強く踏んで速度を落とすべきである。"
"jp_car_0350","honmen_weather_night_driving","topic_default","jp-wet-road.png","jp-wet-road.png","yes","冬季、日陰になっている道路の一部は、他の部分よりも凍結が残りやすいため注意が必要である。"
"jp_moto_0001","road_signs_signals","motorcycle","jp-motorcycle.png","jp-motorcycle.png","yes","「二輪車通行禁止」の標識がある道路は、原動機付自転車も通行することができる。"
"jp_moto_0002","road_signs_signals","intersection","jp-intersection.png","jp-intersection.png","yes","黄色の灯火信号が点滅しているときは、他の交通に注意して進行することができる。"
"jp_moto_0003","road_signs_signals","car_interior","jp-car-interior.png","jp-car-interior.png","yes","「徐行」の標識がある場所では、ブレーキをいつでもかけられる速度まで落として進行しなければならない。"
"jp_moto_0004","road_signs_signals","intersection","jp-intersection.png","jp-intersection.png","yes","警察官が右腕を垂直に上げているとき、その正面と背面に向かう交通は信号が赤になったときと同じ意味である。"
"jp_moto_0005","road_signs_signals","topic_default","jp-warning.png","jp-warning.png","yes","「指定方向外進行禁止」の標識は、矢印で示された方向以外への進行を禁止するものである。"
"jp_moto_0006","road_signs_signals","no_overtaking","jp-no-overtaking.png","jp-no-overtaking.png","yes","対面通行の道路において、路面に黄色の線が一本引かれている場合、その線をはみ出して追い越しをしてはならない。"
"jp_moto_0007","road_signs_signals","one_way","jp-one-way.png","jp-one-way.png","yes","「一方通行」の標識がある道路では、二輪車も指定された方向以外に進んではいけない。"
"jp_moto_0008","road_signs_signals","warning","jp-warning.png","jp-warning.png","yes","「踏切あり」の警戒標識は、踏切が近いことを知らせ、速度を落として安全確認をするよう促すものである。"
"jp_moto_0009","road_signs_signals","speed_limit","jp-speed-limit.png","jp-speed-limit.png","yes","「最高速度」の標識がない道路でも、原動機付自転車には法定の最高速度が適用される。"
"jp_moto_0010","road_signs_signals","intersection","jp-intersection.png","jp-intersection.png","yes","右折・左折を行う合図は、その行為を始める3秒前までに出さなければならない。"
"jp_moto_0011","right_of_way_traffic_rules","stop","jp-stop.png","jp-stop.png","yes","交差点で優先道路を通行している車両があるときは、そうでない道路から進入する車両は一時停止して進路を譲らなければならない。"
"jp_moto_0012","right_of_way_traffic_rules","intersection","jp-intersection.png","jp-intersection.png","yes","信号のない交差点で、道幅が同じくらいの道路が交わる場合、左方から来る車が右方から来る車に対して優先される。"
"jp_moto_0013","right_of_way_traffic_rules","parking","jp-parking.png","jp-parking.png","yes","二輪車は、駐車禁止の場所であっても短時間であれば停車してもよい。"
"jp_moto_0014","right_of_way_traffic_rules","emergency","jp-ambulance.png","jp-ambulance.png","yes","緊急自動車が接近してきたときは、交差点内であっても直ちにその場で停止しなければならない。"
"jp_moto_0015","right_of_way_traffic_rules","expressway","jp-expressway.png","jp-expressway.png","yes","二輪車が原動機付自転車であっても、自動車専用道路を通行することができる。"
"jp_moto_0016","right_of_way_traffic_rules","pedestrian_crosswalk","jp-pedestrian-cross.png","jp-pedestrian-cross.png","yes","歩行者が横断歩道を横断しようとしているときは、二輪車は必ず一時停止して歩行者の通行を妨げないようにしなければならない。"
"jp_moto_0017","right_of_way_traffic_rules","intersection","jp-intersection.png","jp-intersection.png","yes","追い越しは、前車が右折のため道路の中央に寄っているときに、その左側からしてもよい。"
"jp_moto_0018","right_of_way_traffic_rules","motorcycle","jp-motorcycle.png","jp-motorcycle.png","yes","二人乗りの自動二輪車は、高速自動車国道の一部区間を除き、原則として二人乗りで通行することができる。"
"jp_moto_0019","right_of_way_traffic_rules","hazard","jp-hazard.png","jp-hazard.png","yes","進路変更によって後方から接近してくる車両の速度や方向を変えさせることになる場合でも、合図を出していれば進路変更してよい。"
"jp_moto_0020","right_of_way_traffic_rules","roundabout","jp-roundabout.png","jp-roundabout.png","yes","環状交差点（ラウンドアバウト）内を通行している車両がある場合、これから進入する車両は徐行して環状交差点内の車両の通行を妨げないようにしなければならない。"
"jp_moto_0021","balance_cornering_techniques","warning","jp-warning.png","jp-warning.png","yes","カーブを通行するときは、車体を傾けるよりも、ハンドルだけで方向を変える方が安全である。"
"jp_moto_0022","balance_cornering_techniques","warning","jp-warning.png","jp-warning.png","yes","カーブの途中で急ブレーキをかけると、タイヤが滑って転倒する危険が高い。"
"jp_moto_0023","balance_cornering_techniques","topic_default","jp-motorcycle-corner.png","jp-motorcycle-corner.png","yes","低速でバランスをとるときは、視線を近くの一点に集中させるのがよい。"
"jp_moto_0024","balance_cornering_techniques","warning","jp-warning.png","jp-warning.png","yes","カーブの半径が小さいほど、必要な傾斜角（バンク角）は小さくなる。"
"jp_moto_0025","balance_cornering_techniques","warning","jp-warning.png","jp-warning.png","yes","雨で濡れた路面でカーブを通行するときは、乾燥時と同じ速度・傾斜角で進入してもよい。"
"jp_moto_0026","balance_cornering_techniques","warning","jp-warning.png","jp-warning.png","yes","カーブの途中で予想以上に膨らんでしまった場合、さらに車体を傾けるよりもブレーキをかけて速度を落とす方が安全である。"
"jp_moto_0027","road_signs_signals","no_overtaking","jp-no-overtaking.png","jp-no-overtaking.png","yes","「追越し禁止」の標識がある区間では、原動機付自転車であっても自転車を追い越すことは禁止される。"
"jp_moto_0028","road_signs_signals","no_entry","jp-no-entry.png","jp-no-entry.png","yes","「車両通行止め」の標識は、二輪の自動車や原動機付自転車を含むすべての車両の通行を禁止する。"
"jp_moto_0029","road_signs_signals","stop","jp-stop.png","jp-stop.png","yes","信号機のない踏切に接近したときは、二輪車であっても必ず踏切の手前で一時停止し、安全を確認しなければならない。"
"jp_moto_0030","road_signs_signals","intersection","jp-intersection.png","jp-intersection.png","yes","右折を表す手による合図は、右腕を水平に伸ばす、または左腕を車外に出して肘を垂直に上げる方法がある。"
"jp_moto_0031","right_of_way_traffic_rules","intersection","jp-intersection.png","jp-intersection.png","yes","二輪車は、交差点で右折する際、あらかじめ道路の中央に寄ってから大回りで右折しなければならない。"
"jp_moto_0032","right_of_way_traffic_rules","intersection","jp-intersection.png","jp-intersection.png","yes","「二段階右折」の指定がある交差点では、原動機付自転車は小回りで右折してはならない。"
"jp_moto_0033","right_of_way_traffic_rules","motorcycle","jp-motorcycle.png","jp-motorcycle.png","yes","けん引中の自動車は、二輪車にとって追い越しの優先対象とはならないため、自由に追い越してよい。"
"jp_moto_0034","right_of_way_traffic_rules","parking","jp-parking.png","jp-parking.png","yes","停車中の路線バスが発進の合図をしているとき、後方の二輪車はバスの発進を妨げないようにしなければならない。"
"jp_moto_0035","right_of_way_traffic_rules","motorcycle","jp-motorcycle.png","jp-motorcycle.png","yes","二輪車が他の車を追い越すときは、追い越される車の右側を通行しなければならない。"
"jp_moto_0036","balance_cornering_techniques","car_interior","jp-car-interior.png","jp-car-interior.png","yes","停止する直前は、ハンドルを切ったまま停止すると足をつきやすく安定する。"
"jp_moto_0037","balance_cornering_techniques","warning","jp-warning.png","jp-warning.png","yes","カーブの手前では、まずアクセルを戻し、必要に応じて前後ブレーキを併用して速度を落とすのがよい。"
"jp_moto_0038","balance_cornering_techniques","warning","jp-warning.png","jp-warning.png","yes","下り坂のカーブでは、エンジンブレーキを使わずフロントブレーキのみで速度調整するのが最も安全である。"
"jp_moto_0039","balance_cornering_techniques","tyre","jp-tyre-check.png","jp-tyre-check.png","yes","発進するときは、半クラッチを使いながらゆっくりアクセルを開けると安定しやすい。"
"jp_moto_0040","balance_cornering_techniques","car_interior","jp-car-interior.png","jp-car-interior.png","yes","S字状の道路やクランク（屈折）コースを通行するときは、ハンドルではなく主に体重移動とアクセル調整で車体を安定させる。"
"jp_moto_0041","balance_cornering_techniques","warning","jp-warning.png","jp-warning.png","yes","高速道路のカーブでは、一般道のカーブよりも傾斜角を大きくして通行するのが基本である。"
"jp_moto_0042","balance_cornering_techniques","topic_default","jp-motorcycle-corner.png","jp-motorcycle-corner.png","yes","停止しているときは、両足を地面につけてバランスをとるのが基本である。"
"jp_moto_0043","balance_cornering_techniques","warning","jp-warning.png","jp-warning.png","yes","二人乗りのときは、一人乗りのときと同じ感覚でカーブを通行してよい。"
"jp_moto_0044","balance_cornering_techniques","warning","jp-warning.png","jp-warning.png","yes","連続するカーブ（つづら折り）では、一つ目のカーブを抜けたらすぐに次のカーブの形状に関わらず最大限まで加速してよい。"
"jp_moto_0045","road_signs_signals","warning","jp-warning.png","jp-warning.png","yes","「警笛鳴らせ」の標識がある場所では、見通しの悪いカーブや踏切でなくても常にクラクションを鳴らさなければならない。"
"jp_moto_0046","blind_spots_visibility","car_interior","jp-car-interior.png","jp-car-interior.png","yes","大型トラックの運転席の真後ろや左側面は、ドライバーから見えにくい死角になりやすい。"
"jp_moto_0047","blind_spots_visibility","night","jp-night-road.png","jp-night-road.png","yes","二輪車は車体が小さいため、自動車の運転者から見落とされやすく、自らライトを点灯して存在を知らせることが重要である。"
"jp_moto_0048","blind_spots_visibility","motorcycle","jp-motorcycle.png","jp-motorcycle.png","yes","他の車のすぐ後ろに連続して接近して走行すると、その車の運転者から二輪車が見えにくくなることがある。"
"jp_moto_0049","blind_spots_visibility","night","jp-night-road.png","jp-night-road.png","yes","夜間に対向車のライトで自分が見えにくくなることはあるが、二輪車のライトの位置自体が対向車に見落とされる原因になることはない。"
"jp_moto_0050","blind_spots_visibility","warning","jp-warning.png","jp-warning.png","yes","交差点で右折待ちをしている対向車がいる場合、二輪車は車体が小さいため、その運転者から見落とされて right turn してくる危険がある。"
"jp_moto_0051","blind_spots_visibility","motorcycle","jp-motorcycle.png","jp-motorcycle.png","yes","二輪車のライダーは、運転中に体を動かしてミラーで見えない範囲を目視で確認する習慣を持つべきである。"
"jp_moto_0052","blind_spots_visibility","wet_road","jp-wet-road.png","jp-wet-road.png","yes","雨の日や夕暮れ時は、二輪車の視認性が下がるため、より明るい色のヘルメットやジャケットを着用することが勧められる。"
"jp_moto_0053","blind_spots_visibility","motorcycle","jp-motorcycle.png","jp-motorcycle.png","yes","二輪車は車体が小さく速度感覚をつかみにくいため、自動車の運転者は二輪車との距離を実際より遠いと感じる傾向がある。"
"jp_moto_0054","blind_spots_visibility","pedestrian_crosswalk","jp-pedestrian-cross.png","jp-pedestrian-cross.png","yes","停車中のバスやトラックの脇から出てくる歩行者は、ドライバーだけでなく二輪車にとっても見えにくいことがある。"
"jp_moto_0055","blind_spots_visibility","motorcycle","jp-motorcycle.png","jp-motorcycle.png","yes","二輪車のライダーは、自分のミラーで後方を確認したらそれだけで十分であり、首を振って確認する必要はない。"
"jp_moto_0056","lane_position_road_surface","road_markings","jp-road-markings.png","jp-road-markings.png","yes","車線の中央を走行すると、路面の凹凸や砂利の影響を受けやすいことがあるため、状況に応じて走行位置を調整するのがよい。"
"jp_moto_0057","lane_position_road_surface","warning","jp-warning.png","jp-warning.png","yes","鉄道の線路（路面電車の軌道）を斜めに横切ると、タイヤが溝にはまりやすく転倒の危険がある。"
"jp_moto_0058","lane_position_road_surface","wet_road","jp-wet-road.png","jp-wet-road.png","yes","マンホールのふたや白線（ペイント）の上は、雨天時は特に滑りやすくなることがある。"
"jp_moto_0059","lane_position_road_surface","wet_road","jp-wet-road.png","jp-wet-road.png","yes","工事現場などにある鉄板（仮設の覆い）の上を通過するときは、できるだけ速度を上げて一気に通過する方が安全である。"
"jp_moto_0060","lane_position_road_surface","wet_road","jp-wet-road.png","jp-wet-road.png","yes","車道の左端を走行する際、路肩の砂利や落ち葉が溜まっている部分は中央寄りの走行位置に比べて滑りやすいことが多い。"
"jp_moto_0061","lane_position_road_surface","fog","jp-fog-road.png","jp-fog-road.png","yes","トンネルの出入口付近は、明暗の差が大きく、一時的に視界が悪くなることがある。"
"jp_moto_0062","lane_position_road_surface","road_markings","jp-road-markings.png","jp-road-markings.png","yes","対向車から自分の存在をよく見てもらうためには、車線の中で他車に隠れない位置を選んで走行するのがよい。"
"jp_moto_0063","lane_position_road_surface","wet_road","jp-wet-road.png","jp-wet-road.png","yes","道路の中央付近に積もった落ち葉や砂は、晴れた日でも乾いた路面より滑りやすい場合がある。"
"jp_moto_0064","lane_position_road_surface","wet_road","jp-wet-road.png","jp-wet-road.png","yes","わだち（車輪のくぼみ）ができている道路では、わだちの中を走るよりも、わだちの間（盛り上がった部分）を走る方が常に安全である。"
"jp_moto_0065","lane_position_road_surface","expressway","jp-expressway.png","jp-expressway.png","yes","高速道路の合流地点では、本線を走る車から見えやすい位置を維持しながら速度を合わせて合流するのがよい。"
"jp_moto_0066","weather_hazards","wet_road","jp-wet-road.png","jp-wet-road.png","yes","雨の日、マンホールや白線の上はタイヤが滑りやすいため、できるだけ避けて通行するのがよい。"
"jp_moto_0067","weather_hazards","wet_road","jp-wet-road.png","jp-wet-road.png","yes","雨が降り始めた直後は、路面の油分とほこりが浮き上がって非常に滑りやすくなるため、二輪車は特に注意が必要である。"
"jp_moto_0068","weather_hazards","car_interior","jp-car-interior.png","jp-car-interior.png","yes","強い横風が吹く橋の上では、二輪車はハンドルを取られやすいため速度を落とし、車体を傾けて備えるとよい。"
"jp_moto_0069","weather_hazards","wet_road","jp-wet-road.png","jp-wet-road.png","yes","雨天時、二輪車はブレーキをかける際に前後輪に均等に強い力をかけるとよい。"
"jp_moto_0070","weather_hazards","fog","jp-fog-road.png","jp-fog-road.png","yes","濃い霧の中を走行する際は、テールランプやフォグランプを点灯して自車の存在を周囲に知らせるとよい。"
"jp_moto_0071","weather_hazards","tyre","jp-tyre-check.png","jp-tyre-check.png","yes","夏の猛暑日にアスファルトが軟化している場合、二輪車のタイヤが沈み込みハンドルが取られやすくなることがある。"
"jp_moto_0072","weather_hazards","wet_road","jp-wet-road.png","jp-wet-road.png","yes","落ち葉が積もった道路は、晴れた日でも湿った落ち葉の下が滑りやすいため、二輪車は注意して通行する必要がある。"
"jp_moto_0073","weather_hazards","motorcycle","jp-motorcycle.png","jp-motorcycle.png","yes","雪道や凍結した道路では、二輪車での走行は避けるべきであり、可能であれば車両の利用を控えるのが望ましい。"
"jp_moto_0074","weather_hazards","fog","jp-fog-road.png","jp-fog-road.png","yes","夜間や雨天時は視界が悪くなるため、二輪車は速度を落とし車間距離を通常より広くとるべきである。"
"jp_moto_0075","weather_hazards","night","jp-night-road.png","jp-night-road.png","yes","トンネルの出入り口付近は明暗の差が激しいだけでなく、強い風が発生しやすいため二輪車は速度調整に注意する必要がある。"
"jp_moto_0076","protective_gear_rules","moto_gear","jp-motorcycle-gear.png","jp-motorcycle-gear.png","yes","二輪車を運転する際は、運転者・同乗者ともにヘルメットの着用が法律で義務付けられている。"
"jp_moto_0077","protective_gear_rules","moto_gear","jp-motorcycle-gear.png","jp-motorcycle-gear.png","yes","ヘルメットはあごひもを正しく締めずに被るだけでも法律上の着用義務を満たしたことになる。"
"jp_moto_0078","protective_gear_rules","motorcycle","jp-motorcycle.png","jp-motorcycle.png","yes","二輪車運転時は、サンダルや裸足ではなく足首を保護する履物を着用することが望ましい。"
"jp_moto_0079","protective_gear_rules","topic_default","jp-motorcycle-gear.png","jp-motorcycle-gear.png","yes","夏の暑い日は、長袖・長ズボンを着用すると暑いため、半袖や短いズボンで運転する方が安全である。"
"jp_moto_0080","protective_gear_rules","moto_gear","jp-motorcycle-gear.png","jp-motorcycle-gear.png","yes","プロテクター付きのグローブを着用することは、転倒時の手のけがを軽減するのに役立つ。"
"jp_moto_0081","protective_gear_rules","moto_gear","jp-motorcycle-gear.png","jp-motorcycle-gear.png","yes","ヘルメットのシールド（フェイスガード）は、走行中の風や虫、小石などから目を保護する役割がある。"
"jp_moto_0082","protective_gear_rules","moto_gear","jp-motorcycle-gear.png","jp-motorcycle-gear.png","yes","ヘルメットは購入から何年経過しても、外観に損傷がなければ性能は変わらず安全に使用できる。"
"jp_moto_0083","protective_gear_rules","night","jp-night-road.png","jp-night-road.png","yes","明るい色や反射材付きのジャケットを着用すると、夜間や悪天候時に他の車両から見つけてもらいやすくなる。"
"jp_moto_0084","protective_gear_rules","moto_gear","jp-motorcycle-gear.png","jp-motorcycle-gear.png","yes","ヘルメットは日本の安全規格（PSCマークなど）に適合したものを選ぶことが推奨される。"
"jp_moto_0085","protective_gear_rules","topic_default","jp-motorcycle-gear.png","jp-motorcycle-gear.png","yes","膝や肘のプロテクターを服の下に着用することは、見た目に影響するため事故防止には推奨されない。"
"jp_moto_0086","pillion_passenger_rules","moto_gear","jp-motorcycle-gear.png","jp-motorcycle-gear.png","yes","二輪車の同乗者（タンデム）は、運転者と同様にヘルメットの着用が義務付けられている。"
"jp_moto_0087","pillion_passenger_rules","motorcycle","jp-motorcycle.png","jp-motorcycle.png","yes","一般道路では、運転者は何人までの同乗者を乗せることができるか定められており、自由に複数人乗せることはできない。"
"jp_moto_0088","pillion_passenger_rules","expressway","jp-expressway.png","jp-expressway.png","yes","高速道路で同乗者を乗せて走行する場合、運転者の年齢や免許の保有期間に関する条件はない。"
"jp_moto_0089","pillion_passenger_rules","car_interior","jp-car-interior.png","jp-car-interior.png","yes","同乗者を乗せて走行する際は、急加速や急ブレーキを避け、いつもより慎重な運転操作を心がける必要がある。"
"jp_moto_0090","pillion_passenger_rules","motorcycle","jp-motorcycle.png","jp-motorcycle.png","yes","原動機付自転車（原付）には、構造上同乗者を乗せることは一般的に認められていない。"
"jp_moto_0091","hazard_prediction_illustration","warning","jp-warning.png","jp-warning.png","yes","次の場面を見て、ア〜ウの各記述が正しいか誤りか答えなさい。

住宅街の狭い道で、前方左側に停まっているバスから人が下車している場面に二輪車で接近している。最も注意すべき危険は何か。"
"jp_moto_0092","hazard_prediction_illustration","parking","jp-parking.png","jp-parking.png","yes","次の場面を見て、ア〜ウの各記述が正しいか誤りか答えなさい。

交差点に接近中、信号は青だが、左側の駐車車両の陰から自転車が出てこようとしている様子が見える。最も注意すべき危険は何か。"
"jp_moto_0093","hazard_prediction_illustration","warning","jp-warning.png","jp-warning.png","yes","次の場面を見て、ア〜ウの各記述が正しいか誤りか答えなさい。

雨の夜、片側1車線の道路を走行中、前方に大型トラックが走っており視界が遮られている。最も注意すべき危険は何か。"
"jp_moto_0094","hazard_prediction_illustration","warning","jp-warning.png","jp-warning.png","yes","次の場面を見て、ア〜ウの各記述が正しいか誤りか答えなさい。

片側2車線の道路を走行中、左側車線の先で工事が行われており、作業員が誘導をしている。最も注意すべき危険は何か。"
"jp_moto_0095","hazard_prediction_illustration","warning","jp-warning.png","jp-warning.png","yes","次の場面を見て、ア〜ウの各記述が正しいか誤りか答えなさい。

見通しの悪い山道のカーブに二輪車で接近している。対向車線から落石が時々あることを示す標識が見える。最も注意すべき危険は何か。"
"jp_moto_0096","hazard_prediction_illustration","pedestrian_crosswalk","jp-pedestrian-cross.png","jp-pedestrian-cross.png","yes","次の場面を見て、ア〜ウの各記述が正しいか誤りか答えなさい。

学校近くの道路を下校時間帯に走行中、前方の歩道に複数の小学生が歩いている。最も注意すべき危険は何か。"
"jp_moto_0097","hazard_prediction_illustration","stop","jp-stop.png","jp-stop.png","yes","次の場面を見て、ア〜ウの各記述が正しいか誤りか答えなさい。

信号のない交差点に接近中、左方から一時停止せずに進入しようとする自転車が見える。最も注意すべき危険は何か。"
"jp_moto_0098","hazard_prediction_illustration","parking","jp-parking.png","jp-parking.png","yes","次の場面を見て、ア〜ウの各記述が正しいか誤りか答えなさい。

渋滞している道路の脇を二輪車で通行している際、停車中の車のドアが急に開く可能性がある。最も注意すべき危険は何か。"
"jp_moto_0099","hazard_prediction_illustration","warning","jp-warning.png","jp-warning.png","yes","次の場面を見て、ア〜ウの各記述が正しいか誤りか答えなさい。

夕暮れ時、交差点を右折しようとしている。対向直進車のうしろに自転車が並走している可能性がある。最も注意すべき危険は何か。"
"jp_moto_0100","hazard_prediction_illustration","warning","jp-warning.png","jp-warning.png","yes","次の場面を見て、ア〜ウの各記述が正しいか誤りか答えなさい。

住宅街の細い道で、前方の自宅前に停まっている車に向かって、買い物帰りの高齢者が歩道から横断しようとしている。最も注意すべき危険は何か。"
"jp_moto_0101","road_signs_signals","no_entry","jp-no-entry.png","jp-no-entry.png","yes","「二輪車通行止め」の標識がある道路には、原動機付自転車も自動二輪車も通行できない。"
"jp_moto_0102","road_signs_signals","motorcycle","jp-motorcycle.png","jp-motorcycle.png","yes","「二人乗り通行禁止」の標識がある道路では、大型自動二輪車であっても二人乗りをしてはならない。"
"jp_moto_0103","road_signs_signals","one_way","jp-one-way.png","jp-one-way.png","yes","原動機付自転車が「軽車両を除く」の補助標識がついた一方通行の標識がある道路を逆走することは違反である。"
"jp_moto_0104","road_signs_signals","intersection","jp-intersection.png","jp-intersection.png","yes","「原動機付自転車の右折方法（二段階右折）」の標識がある交差点では、小回り右折をしてはならない。"
"jp_moto_0105","road_signs_signals","speed_limit","jp-speed-limit.png","jp-speed-limit.png","yes","「最高速度」の標識に表示された速度は、二輪車と四輪車で異なる場合がある。"
"jp_moto_0106","road_signs_signals","speed_limit","jp-speed-limit.png","jp-speed-limit.png","yes","原動機付自転車の法定最高速度は、標識による指定がない一般道路では時速30キロメートルである。"
"jp_moto_0107","road_signs_signals","expressway","jp-expressway.png","jp-expressway.png","yes","原動機付自転車は、原則として高速道路や自動車専用道路を通行することができる。"
"jp_moto_0108","road_signs_signals","pedestrian_crosswalk","jp-pedestrian-cross.png","jp-pedestrian-cross.png","yes","「通行止め」の標識は、二輪車を含むすべての車両と歩行者の通行を禁止するものである。"
"jp_moto_0109","road_signs_signals","motorcycle","jp-motorcycle.png","jp-motorcycle.png","yes","「駐輪禁止」の標識がある場所には、自動二輪車や原動機付自転車を止めてはならない。"
"jp_moto_0110","road_signs_signals","expressway","jp-expressway.png","jp-expressway.png","yes","大型自動二輪車は、「大型自動二輪車二人乗り禁止」の標識がある高速道路の区間で二人乗りをしてはならない。"
"jp_moto_0111","road_signs_signals","one_way","jp-one-way.png","jp-one-way.png","yes","「軽car両を除く」という補助標識がある一方通行の標識は、原動機付自転車にも適用される。"
"jp_moto_0112","road_signs_signals","road_markings","jp-road-markings.png","jp-road-markings.png","yes","「路線バス等優先通行帯」がある道路では、二輪車もその車線の走行が制限されることがある。"
"jp_moto_0113","road_signs_signals","no_entry","jp-no-entry.png","jp-no-entry.png","yes","自動二輪車は、「大型貨物自動車等通行止め」の標識がある道路を通行することができる。"
"jp_moto_0114","road_signs_signals","road_markings","jp-road-markings.png","jp-road-markings.png","yes","信号のある交差点で「二段階右折」の標示がある場合、原付は右折方向の信号が青でも直進車線側に一旦進んでから待つ。"
"jp_moto_0115","road_signs_signals","topic_default","jp-warning.png","jp-warning.png","yes","「並進可」の補助標識がある道路では、原動機付自転車が二台並んで走行することが認められている。"
"jp_moto_0116","road_signs_signals","parking","jp-parking.png","jp-parking.png","yes","「駐停車禁止」の標識は、二輪車には適用されず、四輪車のみが対象となる。"
"jp_moto_0117","road_signs_signals","road_markings","jp-road-markings.png","jp-road-markings.png","yes","「専用通行帯（二輪車・原付を除く）」の標示がある車線には、原動機付自転車は通行することができる。"
"jp_moto_0118","road_signs_signals","stop","jp-stop.png","jp-stop.png","yes","見通しの悪い交差点で「一時停止」の標識がある場合、二輪車も必ず停止線で停止しなければならない。"
"jp_moto_0119","road_signs_signals","no_entry","jp-no-entry.png","jp-no-entry.png","yes","「自動二輪車・原付以外の自動車通行止め」の標識がある道路は、自動二輪車と原付だけが通行できる。"
"jp_moto_0120","road_signs_signals","road_markings","jp-road-markings.png","jp-road-markings.png","yes","交差点で「専用通行帯」を示す標示がある場合、原付は必ずその車線を走行しなければならない。"
"jp_moto_0121","road_signs_signals","night","jp-night-road.png","jp-night-road.png","yes","夜間、原動機付自転車もヘッドライトを点灯しなければならない。"
"jp_moto_0122","road_signs_signals","warning","jp-warning.png","jp-warning.png","yes","「速度落とせ」の警戒標識は、その先の道路状況に応じて速度を落とすよう促すものである。"
"jp_moto_0123","road_signs_signals","no_entry","jp-no-entry.png","jp-no-entry.png","yes","「進入禁止」の標識は、逆走を防ぐために一方通行の出口側に設置されることが多い。"
"jp_moto_0124","right_of_way_traffic_rules","give_way","jp-give-way.png","jp-give-way.png","yes","優先道路を走行している自動二輪車は、交差する道路から出てくる車両に対して優先される。"
"jp_moto_0125","right_of_way_traffic_rules","road_markings","jp-road-markings.png","jp-road-markings.png","yes","自動二輪車が右折するときは、四輪車と同様に対向車線の直進車・左折車の通行を妨げてはならない。"
"jp_moto_0126","right_of_way_traffic_rules","motorcycle","jp-motorcycle.png","jp-motorcycle.png","yes","道幅が明らかに狭い道路から広い道路に進入する自動二輪車は、広い道路の車両より優先される。"
"jp_moto_0127","right_of_way_traffic_rules","pedestrian_crosswalk","jp-pedestrian-cross.png","jp-pedestrian-cross.png","yes","横断歩道を渡っている歩行者がいる場合、自動二輪車は歩行者の通行を妨げないよう一時停止しなければならない。"
"jp_moto_0128","right_of_way_traffic_rules","stop","jp-stop.png","jp-stop.png","yes","サイレンを鳴らして走行する緊急自動車が接近してきたときは、バイクは車と同様に道路の左側に寄って一時停止する。"
"jp_moto_0129","right_of_way_traffic_rules","pedestrian_crosswalk","jp-pedestrian-cross.png","jp-pedestrian-cross.png","yes","自動二輪車が左折するときは、その左折先の直進する自転車や歩行者よりも優先して通行できる。"
"jp_moto_0130","right_of_way_traffic_rules","intersection","jp-intersection.png","jp-intersection.png","yes","対向車が右折待ちをしているとき、直進する自動二輪車は対向車の陰に隠れやすいため、対向車も注意が必要である。"
"jp_moto_0131","right_of_way_traffic_rules","motorcycle","jp-motorcycle.png","jp-motorcycle.png","yes","自動二輪車が走行しているとき、四輪車の運転者は二輪車を軽視して幅寄せしてもよい。"
"jp_moto_0132","right_of_way_traffic_rules","motorcycle","jp-motorcycle.png","jp-motorcycle.png","yes","自動二輪車は路面電車が走行しているとき、追い越してはならない。"
"jp_moto_0133","right_of_way_traffic_rules","roundabout","jp-roundabout.png","jp-roundabout.png","yes","環状交差点に進入する自動二輪車は、環道内をすでに通行している車両より優先される。"
"jp_moto_0134","right_of_way_traffic_rules","stop","jp-stop.png","jp-stop.png","yes","自転車横断帯を自転車が横断しているときは、自動二輪車も一時停止して待たなければならない。"
"jp_moto_0135","right_of_way_traffic_rules","motorcycle","jp-motorcycle.png","jp-motorcycle.png","yes","路線バスが停留所から発進の合図を出しているとき、後続のバイクは道を譲る必要はない。"
"jp_moto_0136","right_of_way_traffic_rules","motorcycle","jp-motorcycle.png","jp-motorcycle.png","yes","山道で行き違いが困難な場合、上り坂を走行しているバイクが道を譲るのが原則である。"
"jp_moto_0137","right_of_way_traffic_rules","intersection","jp-intersection.png","jp-intersection.png","yes","交差点で複数の車両が同時に到達し道幅が同じ場合、バイクよりも四輪車が優先される。"
"jp_moto_0138","right_of_way_traffic_rules","parking","jp-parking.png","jp-parking.png","yes","自動二輪車は、私有地の駐車場から道路に出る際、道路を走行する車両より優先される。"
"jp_moto_0139","right_of_way_traffic_rules","give_way","jp-give-way.png","jp-give-way.png","yes","見通しの悪い交差点に近づくバイクは、優先道路であっても速度を落として周囲を確認するべきである。"
"jp_moto_0140","right_of_way_traffic_rules","stop","jp-stop.png","jp-stop.png","yes","一時停止の標識がある交差点では、バイクの車両が小さく他に交通がないと見えても必ず停止する。"
"jp_moto_0141","right_of_way_traffic_rules","pedestrian_crosswalk","jp-pedestrian-cross.png","jp-pedestrian-cross.png","yes","右折待ちのバイクは、対向車線の直進車だけでなく、横断中の歩行者や自転車にも道を譲らなければならない。"
"jp_moto_0142","right_of_way_traffic_rules","stop","jp-stop.png","jp-stop.png","yes","踏切の直前では、バイクも一時停止し、左右の安全を確認してから通過しなければならない。"
"jp_moto_0143","right_of_way_traffic_rules","motorcycle","jp-motorcycle.png","jp-motorcycle.png","yes","狭い道で対向車と行き違うとき、自動二輪車は四輪車よりも優先的に道を確保できる。"
"jp_moto_0144","right_of_way_traffic_rules","intersection","jp-intersection.png","jp-intersection.png","yes","交差点内で対向車が右折待ちをしているとき、直進するバイクの通行が優先される。"
"jp_moto_0145","right_of_way_traffic_rules","pedestrian_crosswalk","jp-pedestrian-cross.png","jp-pedestrian-cross.png","yes","自動二輪車は、優先道路上であれば、歩行者の横断があっても速度を落とさず通過してよい。"
"jp_moto_0146","right_of_way_traffic_rules","intersection","jp-intersection.png","jp-intersection.png","yes","自動二輪車が交差点を直進するとき、後方から接近する緊急車両にも注意しながら安全確認を行う。"
"jp_moto_0147","balance_cornering_techniques","warning","jp-warning.png","jp-warning.png","yes","カーブを曲がるときは、進入前にあらかじめ十分に減速し、カーブの中では極力ブレーキをかけないようにする。"
"jp_moto_0148","balance_cornering_techniques","warning","jp-warning.png","jp-warning.png","yes","カーブを曲がるときは、視線をカーブの出口や曲がっていく先の方向に向けるとバランスがとりやすい。"
"jp_moto_0149","balance_cornering_techniques","topic_default","jp-motorcycle-corner.png","jp-motorcycle-corner.png","yes","低速で走行しているときは、時速の速いときよりもバランスを崩しやすい。"
"jp_moto_0150","balance_cornering_techniques","warning","jp-warning.png","jp-warning.png","yes","カーブでは、車体を傾けるだけでなく、体も車体と一緒に自然に傾けることでスムーズに曲がることができる。"
"jp_moto_0151","balance_cornering_techniques","wet_road","jp-wet-road.png","jp-wet-road.png","yes","雨で濡れたマンホールや白線の上でハンドルを大きく切ると、スリップしやすい。"
"jp_moto_0152","balance_cornering_techniques","car_interior","jp-car-interior.png","jp-car-interior.png","yes","急な下り坂でバイクの速度を落とすときは、前輪ブレーキだけを強くかけるのが最も安全である。"
"jp_moto_0153","balance_cornering_techniques","car_interior","jp-car-interior.png","jp-car-interior.png","yes","砂利道やぬかるみでは、急なハンドル操作や急ブレーキを避け、車体をまっすぐ保つように心がける。"
"jp_moto_0154","balance_cornering_techniques","warning","jp-warning.png","jp-warning.png","yes","連続するカーブが続く山道では、カーブごとにアクセルとブレーキのタイミングを一定にする必要はない。"
"jp_moto_0155","balance_cornering_techniques","motorcycle","jp-motorcycle.png","jp-motorcycle.png","yes","バイクを停止させるときは、両足を地面につけて安定させてから完全に停止するのが基本である。"
"jp_moto_0156","balance_cornering_techniques","warning","jp-warning.png","jp-warning.png","yes","カーブを曲がる際、路面の中央にある油や砂は特に気にする必要はない。"
"jp_moto_0157","balance_cornering_techniques","warning","jp-warning.png","jp-warning.png","yes","カーブに進入する速度が速すぎると感じた場合、カーブの途中で強くブレーキをかけて速度を調整するのがよい。"
"jp_moto_0158","balance_cornering_techniques","motorcycle","jp-motorcycle.png","jp-motorcycle.png","yes","二輪車は四輪車と違い、停止時や低速時に自ら重心バランスを保つ必要がある。"
"jp_moto_0159","balance_cornering_techniques","warning","jp-warning.png","jp-warning.png","yes","カーブでの適切な速度は、乾いた路面であれば天候にかかわらず常に一定でよい。"
"jp_moto_0160","balance_cornering_techniques","tyre","jp-tyre-check.png","jp-tyre-check.png","yes","轍（わだち）がある道路を走行するときは、轍にタイヤをとられないよう注意しながら走行する。"
"jp_moto_0161","balance_cornering_techniques","intersection","jp-intersection.png","jp-intersection.png","yes","交差点を曲がるときは、車体を大きく傾けて速いスピードで曲がることが推奨される。"
"jp_moto_0162","balance_cornering_techniques","motorcycle","jp-motorcycle.png","jp-motorcycle.png","yes","バイクの重心は、荷物を高い位置に積むほど安定しやすくなる。"
"jp_moto_0163","balance_cornering_techniques","car_interior","jp-car-interior.png","jp-car-interior.png","yes","狭いスペースでUターンをするときは、ハンドルを大きく切り、視線を進みたい方向に向けるとよい。"
"jp_moto_0164","balance_cornering_techniques","car_interior","jp-car-interior.png","jp-car-interior.png","yes","強い横風を受けたときは、ハンドルを固く握りしめ、風上側に体を傾けてバランスをとる。"
"jp_moto_0165","balance_cornering_techniques","motorcycle","jp-motorcycle.png","jp-motorcycle.png","yes","急発進や急停止を繰り返す運転は、バイクの安定性を損ない転倒のリスクを高める。"
"jp_moto_0166","balance_cornering_techniques","warning","jp-warning.png","jp-warning.png","yes","カーブの手前で速度を落とす際は、車体を起こした状態（直立姿勢）でブレーキをかけるのが基本である。"
"jp_moto_0167","balance_cornering_techniques","topic_default","jp-motorcycle-corner.png","jp-motorcycle-corner.png","yes","低速でのUターンやスラローム走行の練習は、バランス感覚の向上に役立つ。"
"jp_moto_0168","balance_cornering_techniques","wet_road","jp-wet-road.png","jp-wet-road.png","yes","雨の日にマンホールの上を通過するときは、車体を傾けたまま通過しても問題ない。"
"jp_moto_0169","blind_spots_visibility","topic_default","jp-motorcycle.png","jp-motorcycle.png","yes","大型トラックの後方を走行するときは、トラックの死角に入らないよう、車間距離を十分にとる。"
"jp_moto_0170","blind_spots_visibility","motorcycle","jp-motorcycle.png","jp-motorcycle.png","yes","四輪車の運転者からバイクは見えやすいため、二輪車側が特に注意する必要はない。"
"jp_moto_0171","blind_spots_visibility","road_markings","jp-road-markings.png","jp-road-markings.png","yes","車線変更をする四輪車の横に並んで走行することは、死角に入りやすいため避けるべきである。"
"jp_moto_0172","blind_spots_visibility","intersection","jp-intersection.png","jp-intersection.png","yes","交差点で右折を待つ四輪車の運転者から、直進してくるバイクは見落とされやすい。"
"jp_moto_0173","blind_spots_visibility","car_interior","jp-car-interior.png","jp-car-interior.png","yes","バスの左後方は運転席から見えにくい死角となるため、バイクは特に注意して走行するべきである。"
"jp_moto_0174","blind_spots_visibility","car_interior","jp-car-interior.png","jp-car-interior.png","yes","車両の死角は、車の大きさが大きいほど広くなる傾向がある。"
"jp_moto_0175","blind_spots_visibility","motorcycle","jp-motorcycle.png","jp-motorcycle.png","yes","バイクで四輪車を追い越すときは、追い越し後すぐに幅寄せするように前に入ってよい。"
"jp_moto_0176","blind_spots_visibility","road_markings","jp-road-markings.png","jp-road-markings.png","yes","サイドミラーだけに頼らず、車線変更前には必ず目視で後方や側方を確認する（いわゆる「目視確認」）。"
"jp_moto_0177","blind_spots_visibility","warning","jp-warning.png","jp-warning.png","yes","交差点で左折する四輪車の内輪差により巻き込まれる危険があるため、バイクは車の左側に並ばないよう注意する。"
"jp_moto_0178","blind_spots_visibility","night","jp-night-road.png","jp-night-road.png","yes","夜間、四輪車のミラーにヘッドライトの光が反射しないバイクの位置は、死角に入っている可能性が高い。"
"jp_moto_0179","blind_spots_visibility","expressway","jp-expressway.png","jp-expressway.png","yes","交差点や合流地点では、バイクは自分の姿が他の車両から見えているかを常に意識する必要がある。"
"jp_moto_0180","blind_spots_visibility","pedestrian_crosswalk","jp-pedestrian-cross.png","jp-pedestrian-cross.png","yes","駐車車両の間から歩行者や自転車が飛び出してくることは、バイクにとって死角による危険の一種である。"
"jp_moto_0181","blind_spots_visibility","topic_default","jp-motorcycle.png","jp-motorcycle.png","yes","自分がライダーとして周囲から見えやすい服装（明るい色や反射材）を選ぶことは、死角対策として有効である。"
"jp_moto_0182","blind_spots_visibility","expressway","jp-expressway.png","jp-expressway.png","yes","高速道路の合流地点では、本線を走行する車のミラーに映らない位置に長時間とどまってもよい。"
"jp_moto_0183","blind_spots_visibility","intersection","jp-intersection.png","jp-intersection.png","yes","信号待ちで停止するときは、前の車両の死角を避け、その運転者から見える位置に止まることが望ましい。"
"jp_moto_0184","lane_position_road_surface","road_markings","jp-road-markings.png","jp-road-markings.png","yes","車線内を走行する位置は、常に車線の中央に固定しなければならない。"
"jp_moto_0185","lane_position_road_surface","wet_road","jp-wet-road.png","jp-wet-road.png","yes","マンホールや排水溝の上を避けて走行位置を選ぶことは、スリップ防止のために有効である。"
"jp_moto_0186","lane_position_road_surface","warning","jp-warning.png","jp-warning.png","yes","車線の左端ぎりぎりを走行し続けることは、路肩の砂利や段差の危険があるため推奨されない。"
"jp_moto_0187","lane_position_road_surface","warning","jp-warning.png","jp-warning.png","yes","四輪車の間をすり抜けて走行すること（すり抜け運転）は、追突や接触の危険が高く避けるべきである。"
"jp_moto_0188","lane_position_road_surface","wet_road","jp-wet-road.png","jp-wet-road.png","yes","雨の日は、車線中央にできた油膜（オイルライン）を避けて走行位置を選ぶとよい。"
"jp_moto_0189","lane_position_road_surface","wet_road","jp-wet-road.png","jp-wet-road.png","yes","トンネル内やアンダーパスでは、路面が濡れていることが多いため、走行位置を選ぶ際に注意する。"
"jp_moto_0190","lane_position_road_surface","parking","jp-parking.png","jp-parking.png","yes","道路の中央寄りを走行すれば、駐車車両のドア開閉による事故を避けやすくなる。"
"jp_moto_0191","lane_position_road_surface","road_markings","jp-road-markings.png","jp-road-markings.png","yes","轍（わだち）が深い道路では、車線の端を選んで走行するほうが安定する。"
"jp_moto_0192","lane_position_road_surface","road_markings","jp-road-markings.png","jp-road-markings.png","yes","信号待ちで停止する際は、四輪車の後方中央ではなく、車線の端に寄って停止すると発見されやすい。"
"jp_moto_0193","lane_position_road_surface","road_markings","jp-road-markings.png","jp-road-markings.png","yes","複数車線の道路で車線を選ぶときは、路肩に近い車線が常に最も安全である。"
"jp_moto_0194","lane_position_road_surface","road_markings","jp-road-markings.png","jp-road-markings.png","yes","交差点を右折する際、あらかじめ車線内で右寄りの位置をとることで進路が明確になる。"
"jp_moto_0195","lane_position_road_surface","wet_road","jp-wet-road.png","jp-wet-road.png","yes","落ち葉が積もった道路では、落ち葉の下に隠れた段差や穴に注意して走行位置を選ぶ。"
"jp_moto_0196","lane_position_road_surface","road_markings","jp-road-markings.png","jp-road-markings.png","yes","バイクは車線内のどの位置を走行しても、他の車両からの視認性に違いはない。"
"jp_moto_0197","lane_position_road_surface","topic_default","jp-road-markings.png","jp-road-markings.png","yes","道路の継ぎ目（ジョイント部分）は、段差が大きいことがあるため、通過時は走行位置と速度に注意する。"
"jp_moto_0198","lane_position_road_surface","warning","jp-warning.png","jp-warning.png","yes","トラックの後ろを走行するときは、荷物が落下する可能性を考え、真後ろを避けた位置を走行するのがよい。"
"jp_moto_0199","weather_hazards","warning","jp-warning.png","jp-warning.png","yes","雨の日は、四輪車よりもバイクのほうがスリップによる転倒の危険が高い。"
"jp_moto_0200","weather_hazards","car_interior","jp-car-interior.png","jp-car-interior.png","yes","強風時にバイクを運転する場合は、突風に備えてハンドルをしっかりと握り、速度を落として走行する。"
"jp_moto_0201","weather_hazards","motorcycle","jp-motorcycle.png","jp-motorcycle.png","yes","大型トラックを追い越すときに発生する風圧は、バイクのバランスにほとんど影響しない。"
"jp_moto_0202","weather_hazards","wet_road","jp-wet-road.png","jp-wet-road.png","yes","雨の日はブレーキの効きが悪くなるため、いつもより早めにブレーキをかけ始めることが望ましい。"
"jp_moto_0203","weather_hazards","motorcycle","jp-motorcycle.png","jp-motorcycle.png","yes","夏の炎天下でバイクに乗るときは、熱中症予防のため、こまめな水分補給と休憩が重要である。"
"jp_moto_0204","weather_hazards","warning","jp-warning.png","jp-warning.png","yes","雷が鳴っているときにバイクで走行することは、四輪車と比べて特に危険が増すわけではない。"
"jp_moto_0205","weather_hazards","fog","jp-fog-road.png","jp-fog-road.png","yes","雨具（レインウェア）を着用するときは、視界と操作性を妨げないサイズのものを選ぶべきである。"
"jp_moto_0206","weather_hazards","fog","jp-fog-road.png","jp-fog-road.png","yes","台風などで視界が極端に悪いときは、走行を中止して安全な場所に避難することも重要な判断である。"
"jp_moto_0207","weather_hazards","wet_road","jp-wet-road.png","jp-wet-road.png","yes","濡れた道路標示（白線や黄線）の上を走行するときは、通常の路面よりも滑りやすいことを意識する。"
"jp_moto_0208","weather_hazards","fog","jp-fog-road.png","jp-fog-road.png","yes","冬季にバイクに乗る場合、防寒対策よりも視界の確保を優先するべきである。"
"jp_moto_0209","weather_hazards","fog","jp-fog-road.png","jp-fog-road.png","yes","濃霧の中でバイクを運転するときは、ハザードランプを使用して自分の存在を周囲に知らせることが有効である。"
"jp_moto_0210","weather_hazards","wet_road","jp-wet-road.png","jp-wet-road.png","yes","雨天走行後は、ブレーキやタイヤの状態を点検し、水分や汚れを取り除くことが推奨される。"
"jp_moto_0211","weather_hazards","car_interior","jp-car-interior.png","jp-car-interior.png","yes","雪道でのバイク走行は、四輪車以上に慎重な速度管理とブレーキ操作が求められる。"
"jp_moto_0212","weather_hazards","night","jp-night-road.png","jp-night-road.png","yes","気温が下がる早朝や夜間は、日中より路面が凍結しやすいため、バイクでの走行は特に注意する。"
"jp_moto_0213","weather_hazards","fog","jp-fog-road.png","jp-fog-road.png","yes","視界不良の悪天候時は、後続車に自分の位置を知らせるため、テールランプが正常に点灯しているか確認しておくとよい。"
"jp_moto_0214","protective_gear_rules","moto_gear","jp-motorcycle-gear.png","jp-motorcycle-gear.png","yes","自動二輪車を運転するときは、規格に適合したヘルメットを正しく着用しなければならない。"
"jp_moto_0215","protective_gear_rules","moto_gear","jp-motorcycle-gear.png","jp-motorcycle-gear.png","yes","ヘルメットのあごひもは、緩めに締めておいたほうが快適に走行できる。"
"jp_moto_0216","protective_gear_rules","moto_gear","jp-motorcycle-gear.png","jp-motorcycle-gear.png","yes","原動機付自転車を運転する場合でも、ヘルメットの着用は義務付けられている。"
"jp_moto_0217","protective_gear_rules","moto_gear","jp-motorcycle-gear.png","jp-motorcycle-gear.png","yes","グローブ（手袋）を着用することは、転倒時の手のけがを防ぐために有効である。"
"jp_moto_0218","protective_gear_rules","motorcycle","jp-motorcycle.png","jp-motorcycle.png","yes","サンダルやビーチサンダルでバイクを運転することは、足の保護の観点から避けるべきである。"
"jp_moto_0219","protective_gear_rules","moto_gear","jp-motorcycle-gear.png","jp-motorcycle-gear.png","yes","プロテクター（胸部や肩などの防具）は、レース用車両にのみ着用が推奨される装備である。"
"jp_moto_0220","protective_gear_rules","motorcycle","jp-motorcycle.png","jp-motorcycle.png","yes","半袖や短パンでバイクに乗ることは、転倒時の擦過傷のリスクを高めるため避けたほうがよい。"
"jp_moto_0221","protective_gear_rules","fog","jp-fog-road.png","jp-fog-road.png","yes","ヘルメットのシールド（フェイスシールド）が汚れていても、視界に問題がなければ交換の必要はない。"
"jp_moto_0222","protective_gear_rules","fog","jp-fog-road.png","jp-fog-road.png","yes","雨の日にバイクに乗るときは、視界を確保するため、曇り止め加工されたシールドを使用するとよい。"
"jp_moto_0223","protective_gear_rules","night","jp-night-road.png","jp-night-road.png","yes","夜間走行では、明るい色や反射材のついたジャケットを着用することで、他の車両から発見されやすくなる。"
"jp_moto_0224","protective_gear_rules","moto_gear","jp-motorcycle-gear.png","jp-motorcycle-gear.png","yes","ヘルメットは、購入時のサイズが合っていれば、長期間使用しても交換する必要はない。"
"jp_moto_0225","protective_gear_rules","motorcycle","jp-motorcycle.png","jp-motorcycle.png","yes","ブーツ（くるぶしを覆う靴）は、足首を保護し、シフト操作もしやすいため運転に適している。"
"jp_moto_0226","protective_gear_rules","car_interior","jp-car-interior.png","jp-car-interior.png","yes","冬季に手がかじかんでいても、グローブを外して素手で運転するほうがブレーキ操作は正確になる。"
"jp_moto_0227","protective_gear_rules","topic_default","jp-motorcycle-gear.png","jp-motorcycle-gear.png","yes","体にフィットしたウェアを着用することで、走行風によるバタつきを抑え、疲労を軽減できる。"
"jp_moto_0228","protective_gear_rules","moto_gear","jp-motorcycle-gear.png","jp-motorcycle-gear.png","yes","ヘルメットを購入するときは、デザインだけでなく、国が定めた規格に適合しているかを確認するべきである。"
"jp_moto_0229","hazard_prediction_illustration","warning","jp-warning.png","jp-warning.png","yes","次の場面を見て、ア〜ウの各記述が正しいか誤りか答えなさい。

山道のカーブに落ち葉が積もっている。落ち葉の下は濡れて滑りやすくなっている可能性がある。最も注意すべき危険は何か。"
"jp_moto_0230","hazard_prediction_illustration","warning","jp-warning.png","jp-warning.png","yes","次の場面を見て、ア〜ウの各記述が正しいか誤りか答えなさい。

交差点で左折しようとする大型トラックの左側に自分のバイクが並んでいる。最も注意すべき危険は何か。"
"jp_moto_0231","hazard_prediction_illustration","warning","jp-warning.png","jp-warning.png","yes","次の場面を見て、ア〜ウの各記述が正しいか誤りか答えなさい。

雨の中、交差点の手前にマンホールが見える。ハンドルを切りながらこの上を通過しようとしている。最も注意すべき危険は何か。"
"jp_moto_0232","hazard_prediction_illustration","warning","jp-warning.png","jp-warning.png","yes","次の場面を見て、ア〜ウの各記述が正しいか誤りか答えなさい。

未舗装の荷物を積んだトラックの後ろを走行している。荷物が固定されていないように見える。最も注意すべき危険は何か。"
"jp_moto_0233","hazard_prediction_illustration","parking","jp-parking.png","jp-parking.png","yes","次の場面を見て、ア〜ウの各記述が正しいか誤りか答えなさい。

道路の左側に駐車しているタクシーの脇を通過しようとしている。後部座席に乗客の姿が見える。最も注意すべき危険は何か。"
"jp_moto_0234","hazard_prediction_illustration","pedestrian_crosswalk","jp-pedestrian-cross.png","jp-pedestrian-cross.png","yes","次の場面を見て、ア〜ウの各記述が正しいか誤りか答えなさい。

住宅街の狭い道路を走行中、電柱の陰から子供の声が聞こえる。最も注意すべき危険は何か。"
"jp_moto_0235","hazard_prediction_illustration","warning","jp-warning.png","jp-warning.png","yes","次の場面を見て、ア〜ウの各記述が正しいか誤りか答えなさい。

夜間、対向車のヘッドライトがまぶしく、路面の段差が見えにくくなっている。最も注意すべき危険は何か。"
"jp_moto_0236","hazard_prediction_illustration","warning","jp-warning.png","jp-warning.png","yes","次の場面を見て、ア〜ウの各記述が正しいか誤りか答えなさい。

高速道路の合流部分を走行中、加速車線から本線に強引に入ろうとしている四輪車がいる。最も注意すべき危険は何か。"
"jp_moto_0237","hazard_prediction_illustration","warning","jp-warning.png","jp-warning.png","yes","次の場面を見て、ア〜ウの各記述が正しいか誤りか答えなさい。

踏切に近づいたところ、警報機が鳴り始めているのに、無理に渡ろうとしている高齢者の自転車が見える。最も注意すべき危険は何か。"
"jp_moto_0238","hazard_prediction_illustration","no_overtaking","jp-no-overtaking.png","jp-no-overtaking.png","yes","次の場面を見て、ア〜ウの各記述が正しいか誤りか答えなさい。

見通しの悪い山道のカーブを走行している。対向車がセンターラインを越えて自分の車線にはみ出してくる可能性がある。最も注意すべき危険は何か。"
"jp_moto_0239","hazard_prediction_illustration","warning","jp-warning.png","jp-warning.png","yes","次の場面を見て、ア〜ウの各記述が正しいか誤りか答えなさい。

対向車線で右折待ちをしている車の陰から、直進する別の車が見えにくくなっている状態で交差点に近づいている。最も注意すべき危険は何か。"
"jp_moto_0240","hazard_prediction_illustration","warning","jp-warning.png","jp-warning.png","yes","次の場面を見て、ア〜ウの各記述が正しいか誤りか答えなさい。

霧が発生している山道を走行している。視界が非常に悪く、カーブの先がほとんど見えない。最も注意すべき危険は何か。"
"jp_moto_0241","hazard_prediction_illustration","warning","jp-warning.png","jp-warning.png","yes","次の場面を見て、ア〜ウの各記述が正しいか誤りか答えなさい。

強風が吹いている橋の上を走行している。突風でハンドルをとられそうになっている。最も注意すべき危険は何か。"
"jp_moto_0242","hazard_prediction_illustration","pedestrian_crosswalk","jp-pedestrian-cross.png","jp-pedestrian-cross.png","yes","次の場面を見て、ア〜ウの各記述が正しいか誤りか答えなさい。

信号が青に変わった直後、横断歩道の途中で立ち止まってしまった高齢の歩行者がいる。最も注意すべき危険は何か。"
"jp_moto_0243","hazard_prediction_illustration","no_overtaking","jp-no-overtaking.png","jp-no-overtaking.png","yes","次の場面を見て、ア〜ウの各記述が正しいか誤りか答えなさい。

商店街の狭い道路を走行中、荷物を積んだ自転車を押す店員が車道側にはみ出して歩いている。最も注意すべき危険は何か。"
"jp_moto_0244","pillion_passenger_rules","motorcycle","jp-motorcycle.png","jp-motorcycle.png","yes","自動二輪車の運転者が二人乗り（同乗者）をさせるためには、免許取得後一定期間の経過などの条件を満たす必要がある。"
"jp_moto_0245","pillion_passenger_rules","moto_gear","jp-motorcycle-gear.png","jp-motorcycle-gear.png","yes","同乗者（二人乗りの乗客）も、運転者と同様にヘルメットを着用しなければならない。"
"jp_moto_0246","pillion_passenger_rules","expressway","jp-expressway.png","jp-expressway.png","yes","高速道路での二人乗りは、運転者の年齢や免許経験年数にかかわらず、常に自由に行うことができる。"
"jp_moto_0247","pillion_passenger_rules","motorcycle","jp-motorcycle.png","jp-motorcycle.png","yes","同乗者を乗せているときは、通常よりも車両の重心が高くなり不安定になりやすいため、速度を控えめにする。"
"jp_moto_0248","pillion_passenger_rules","motorcycle","jp-motorcycle.png","jp-motorcycle.png","yes","同乗者は、運転者の腰やベルトなどにしっかりつかまり、運転者の動きに合わせて体を動かすことが望ましい。"
"jp_moto_0249","pillion_passenger_rules","pedestrian_crosswalk","jp-pedestrian-cross.png","jp-pedestrian-cross.png","yes","小学生以下の子供を同乗者として二人乗りさせることは、年齢にかかわらず問題なく認められている。"
"jp_moto_0250","pillion_passenger_rules","car_interior","jp-car-interior.png","jp-car-interior.png","yes","同乗者を乗せて走行するときは、通常よりも早めにブレーキをかけ始め、急な操作を避けることが大切である。"
